name,score,year
Agrigento,348,1990
Agrigento,391.077,1991
Agrigento,393.489,1992
Agrigento,406.361,1993
Agrigento,368.661,1994
Agrigento,340.806,1995
Agrigento,439.052,1996
Agrigento,360.833,1997
Agrigento,398.629,1998
Agrigento,380,1999
Agrigento,423,2000
Agrigento,430.328,2001
Agrigento,419.236,2002
Agrigento,422.321,2003
Agrigento,361.932,2004
Agrigento,391.781,2005
Agrigento,404,2006
Agrigento,369,2007
Agrigento,391,2008
Agrigento,449.949,2009
Agrigento,411.862,2010
Agrigento,388.039,2011
Agrigento,421.006,2012
Agrigento,436.127,2013
Agrigento,426.659,2014
Agrigento,428.407,2015
Agrigento,396.681,2016
Agrigento,404,2017
Agrigento,410.632,2018
Agrigento,421.67,2019
Agrigento,435.907,2020
Agrigento,424.094,2021
Agrigento,440.93,2022
Agrigento,439.834,2023
Alessandria,422,1990
Alessandria,410.797,1991
Alessandria,430.333,1992
Alessandria,445.444,1993
Alessandria,415.333,1994
Alessandria,403.5,1995
Alessandria,456.31,1996
Alessandria,404.333,1997
Alessandria,441.738,1998
Alessandria,412,1999
Alessandria,447,2000
Alessandria,460.9,2001
Alessandria,455.064,2002
Alessandria,442.175,2003
Alessandria,418.937,2004
Alessandria,463.706,2005
Alessandria,481,2006
Alessandria,456,2007
Alessandria,482,2008
Alessandria,519.727,2009
Alessandria,480.68,2010
Alessandria,494.127,2011
Alessandria,503.987,2012
Alessandria,520.473,2013
Alessandria,519.765,2014
Alessandria,483.116,2015
Alessandria,444.096,2016
Alessandria,461,2017
Alessandria,479.316,2018
Alessandria,448.538,2019
Alessandria,484.599,2020
Alessandria,453.672,2021
Alessandria,485.424,2022
Alessandria,494.905,2023
Ancona,444,1990
Ancona,447.986,1991
Ancona,463.833,1992
Ancona,455.444,1993
Ancona,445,1994
Ancona,435.167,1995
Ancona,483.548,1996
Ancona,454.111,1997
Ancona,472.484,1998
Ancona,433,1999
Ancona,495,2000
Ancona,523.294,2001
Ancona,505.356,2002
Ancona,513.274,2003
Ancona,457.474,2004
Ancona,501.489,2005
Ancona,534,2006
Ancona,500,2007
Ancona,528,2008
Ancona,580.81,2009
Ancona,534.43,2010
Ancona,504.545,2011
Ancona,530.12,2012
Ancona,560.646,2013
Ancona,549.008,2014
Ancona,517.803,2015
Ancona,495.459,2016
Ancona,493,2017
Ancona,524.292,2018
Ancona,522.497,2019
Ancona,532.826,2020
Ancona,509.735,2021
Ancona,546.337,2022
Ancona,565.352,2023
Aosta,514,1990
Aosta,503.892,1991
Aosta,459.672,1992
Aosta,509.511,1993
Aosta,419.5,1994
Aosta,429.917,1995
Aosta,503.786,1996
Aosta,421.611,1997
Aosta,495.607,1998
Aosta,434,1999
Aosta,478,2000
Aosta,509.633,2001
Aosta,544.411,2002
Aosta,519.978,2003
Aosta,493.332,2004
Aosta,553.073,2005
Aosta,540,2006
Aosta,558,2007
Aosta,611,2008
Aosta,600.759,2009
Aosta,576.155,2010
Aosta,557.207,2011
Aosta,581.053,2012
Aosta,583.405,2013
Aosta,588.732,2014
Aosta,555.485,2015
Aosta,589.161,2016
Aosta,578,2017
Aosta,583.327,2018
Aosta,581.472,2019
Aosta,550.582,2020
Aosta,557.433,2021
Aosta,575.377,2022
Aosta,594.21,2023
Arezzo,436,1990
Arezzo,462.751,1991
Arezzo,461.889,1992
Arezzo,478.306,1993
Arezzo,464.334,1994
Arezzo,449.528,1995
Arezzo,491.238,1996
Arezzo,451.472,1997
Arezzo,500.94,1998
Arezzo,440,1999
Arezzo,505,2000
Arezzo,518.861,2001
Arezzo,509.369,2002
Arezzo,541.254,2003
Arezzo,460.298,2004
Arezzo,494.798,2005
Arezzo,504,2006
Arezzo,495,2007
Arezzo,515,2008
Arezzo,543.636,2009
Arezzo,515.549,2010
Arezzo,523.899,2011
Arezzo,561.26,2012
Arezzo,565.095,2013
Arezzo,553.172,2014
Arezzo,525.571,2015
Arezzo,490.048,2016
Arezzo,508,2017
Arezzo,515.184,2018
Arezzo,507.729,2019
Arezzo,520.746,2020
Arezzo,498.574,2021
Arezzo,532.692,2022
Arezzo,539.019,2023
Ascoli Piceno,448,1990
Ascoli Piceno,458.594,1991
Ascoli Piceno,477.911,1992
Ascoli Piceno,455.167,1993
Ascoli Piceno,420.844,1994
Ascoli Piceno,411.017,1995
Ascoli Piceno,461.639,1996
Ascoli Piceno,432.694,1997
Ascoli Piceno,498.237,1998
Ascoli Piceno,411,1999
Ascoli Piceno,448,2000
Ascoli Piceno,456.828,2001
Ascoli Piceno,467.894,2002
Ascoli Piceno,465.078,2003
Ascoli Piceno,409.576,2004
Ascoli Piceno,471.122,2005
Ascoli Piceno,493,2006
Ascoli Piceno,470,2007
Ascoli Piceno,532,2008
Ascoli Piceno,552.865,2009
Ascoli Piceno,477.114,2010
Ascoli Piceno,454.78,2011
Ascoli Piceno,516.242,2012
Ascoli Piceno,533.008,2013
Ascoli Piceno,541.178,2014
Ascoli Piceno,539.815,2015
Ascoli Piceno,484.192,2016
Ascoli Piceno,519,2017
Ascoli Piceno,529.37,2018
Ascoli Piceno,527.647,2019
Ascoli Piceno,538.879,2020
Ascoli Piceno,505.573,2021
Ascoli Piceno,529.091,2022
Ascoli Piceno,561.497,2023
Asti,436,1990
Asti,433.01,1991
Asti,419,1992
Asti,470.944,1993
Asti,452.722,1994
Asti,411.75,1995
Asti,488.686,1996
Asti,385.778,1997
Asti,468.064,1998
Asti,395,1999
Asti,433,2000
Asti,457.411,2001
Asti,451.894,2002
Asti,444.173,2003
Asti,414.366,2004
Asti,462.134,2005
Asti,486,2006
Asti,463,2007
Asti,528,2008
Asti,546.73,2009
Asti,504.843,2010
Asti,499.452,2011
Asti,526.168,2012
Asti,529.162,2013
Asti,536.308,2014
Asti,477.446,2015
Asti,442.17,2016
Asti,460,2017
Asti,487.968,2018
Asti,474.714,2019
Asti,495.021,2020
Asti,460.364,2021
Asti,510.579,2022
Asti,527.393,2023
Avellino,358,1990
Avellino,386.023,1991
Avellino,367.272,1992
Avellino,380.689,1993
Avellino,366.511,1994
Avellino,356.117,1995
Avellino,398.611,1996
Avellino,365.361,1997
Avellino,410.936,1998
Avellino,374,1999
Avellino,410,2000
Avellino,422.867,2001
Avellino,420.064,2002
Avellino,423.069,2003
Avellino,365.237,2004
Avellino,424.031,2005
Avellino,450,2006
Avellino,404,2007
Avellino,432,2008
Avellino,487.243,2009
Avellino,425.082,2010
Avellino,401.506,2011
Avellino,423.062,2012
Avellino,439.761,2013
Avellino,460.331,2014
Avellino,460.637,2015
Avellino,393.688,2016
Avellino,401,2017
Avellino,413.31,2018
Avellino,434.138,2019
Avellino,465.664,2020
Avellino,412.252,2021
Avellino,443.872,2022
Avellino,476.445,2023
Bari,366,1990
Bari,358.637,1991
Bari,356.889,1992
Bari,371.333,1993
Bari,359.139,1994
Bari,336.056,1995
Bari,379.107,1996
Bari,345.056,1997
Bari,380.702,1998
Bari,363,1999
Bari,421,2000
Bari,421.022,2001
Bari,414.861,2002
Bari,431.061,2003
Bari,375.408,2004
Bari,406.985,2005
Bari,396,2006
Bari,399,2007
Bari,414,2008
Bari,487.531,2009
Bari,423.209,2010
Bari,390.105,2011
Bari,412.461,2012
Bari,435.037,2013
Bari,452.634,2014
Bari,446.627,2015
Bari,407.087,2016
Bari,419,2017
Bari,431.085,2018
Bari,474.483,2019
Bari,492.217,2020
Bari,453.466,2021
Bari,489.484,2022
Bari,495.233,2023
Barletta-Andria-Trani,455.195,2015
Barletta-Andria-Trani,377.235,2016
Barletta-Andria-Trani,410,2017
Barletta-Andria-Trani,397.019,2018
Barletta-Andria-Trani,461.763,2019
Barletta-Andria-Trani,443.459,2020
Barletta-Andria-Trani,410.823,2021
Barletta-Andria-Trani,445.693,2022
Barletta-Andria-Trani,457.471,2023
Belluno,544,1990
Belluno,500.27,1991
Belluno,492.9,1992
Belluno,493.85,1993
Belluno,470.272,1994
Belluno,478.944,1995
Belluno,501.897,1996
Belluno,433.056,1997
Belluno,486.583,1998
Belluno,426,1999
Belluno,476,2000
Belluno,540.517,2001
Belluno,535.961,2002
Belluno,502.194,2003
Belluno,469.133,2004
Belluno,560.304,2005
Belluno,550,2006
Belluno,552,2007
Belluno,609,2008
Belluno,620.872,2009
Belluno,563.763,2010
Belluno,577.247,2011
Belluno,583.629,2012
Belluno,597.41,2013
Belluno,593.169,2014
Belluno,545.437,2015
Belluno,558.576,2016
Belluno,583,2017
Belluno,576.602,2018
Belluno,502.112,2019
Belluno,515.831,2020
Belluno,519.87,2021
Belluno,534.9,2022
Belluno,542.041,2023
Benevento,385,1990
Benevento,355.488,1991
Benevento,369.272,1992
Benevento,347.5,1993
Benevento,360.033,1994
Benevento,354.606,1995
Benevento,391.722,1996
Benevento,360.722,1997
Benevento,405.781,1998
Benevento,389,1999
Benevento,402,2000
Benevento,387.539,2001
Benevento,415.45,2002
Benevento,401.671,2003
Benevento,344.308,2004
Benevento,410.379,2005
Benevento,421,2006
Benevento,383,2007
Benevento,441,2008
Benevento,503.573,2009
Benevento,420.243,2010
Benevento,390.991,2011
Benevento,445.146,2012
Benevento,468.365,2013
Benevento,470.758,2014
Benevento,427.026,2015
Benevento,405.692,2016
Benevento,408,2017
Benevento,412.657,2018
Benevento,429.581,2019
Benevento,472.342,2020
Benevento,421.715,2021
Benevento,447.467,2022
Benevento,478.497,2023
Bergamo,511,1990
Bergamo,412.311,1991
Bergamo,420.111,1992
Bergamo,411.139,1993
Bergamo,397.75,1994
Bergamo,378.222,1995
Bergamo,435.631,1996
Bergamo,396.583,1997
Bergamo,407.956,1998
Bergamo,412,1999
Bergamo,459,2000
Bergamo,467.056,2001
Bergamo,521.061,2002
Bergamo,513.825,2003
Bergamo,470.601,2004
Bergamo,509.92,2005
Bergamo,505,2006
Bergamo,514,2007
Bergamo,494,2008
Bergamo,545.889,2009
Bergamo,523.548,2010
Bergamo,514.374,2011
Bergamo,533.885,2012
Bergamo,552.825,2013
Bergamo,546.784,2014
Bergamo,535.773,2015
Bergamo,495.039,2016
Bergamo,502,2017
Bergamo,539.958,2018
Bergamo,525.641,2019
Bergamo,511.689,2020
Bergamo,501.681,2021
Bergamo,561.31,2022
Bergamo,592.326,2023
Biella,490.552,1996
Biella,409.494,1997
Biella,433.981,1998
Biella,436,1999
Biella,501,2000
Biella,497.811,2001
Biella,472.844,2002
Biella,458.605,2003
Biella,459.493,2004
Biella,481.053,2005
Biella,493,2006
Biella,478,2007
Biella,514,2008
Biella,534.997,2009
Biella,512.245,2010
Biella,495.417,2011
Biella,513.069,2012
Biella,517.103,2013
Biella,522.156,2014
Biella,492.31,2015
Biella,487.093,2016
Biella,495,2017
Biella,508.471,2018
Biella,493.299,2019
Biella,509.214,2020
Biella,482.032,2021
Biella,491.639,2022
Biella,532.423,2023
Bologna,473,1990
Bologna,475.471,1991
Bologna,462.111,1992
Bologna,482.444,1993
Bologna,457.917,1994
Bologna,450.75,1995
Bologna,509.452,1996
Bologna,461.028,1997
Bologna,482.996,1998
Bologna,461,1999
Bologna,534,2000
Bologna,544.856,2001
Bologna,527.703,2002
Bologna,532.271,2003
Bologna,506.939,2004
Bologna,548.682,2005
Bologna,568,2006
Bologna,530,2007
Bologna,547,2008
Bologna,587.299,2009
Bologna,571.028,2010
Bologna,583.797,2011
Bologna,577.454,2012
Bologna,601.315,2013
Bologna,583.558,2014
Bologna,552.96,2015
Bologna,534.615,2016
Bologna,523,2017
Bologna,555.24,2018
Bologna,543.441,2019
Bologna,565.088,2020
Bologna,549.701,2021
Bologna,590.28,2022
Bologna,598.241,2023
Bolzano,456,1990
Bolzano,471.236,1991
Bolzano,481.283,1992
Bolzano,465.728,1993
Bolzano,471.083,1994
Bolzano,504.056,1995
Bolzano,538.2,1996
Bolzano,463.417,1997
Bolzano,518.464,1998
Bolzano,460,1999
Bolzano,519,2000
Bolzano,574.567,2001
Bolzano,551.494,2002
Bolzano,532.096,2003
Bolzano,488.177,2004
Bolzano,542.942,2005
Bolzano,576,2006
Bolzano,565,2007
Bolzano,603,2008
Bolzano,594.766,2009
Bolzano,636.823,2010
Bolzano,578.607,2011
Bolzano,626.28,2012
Bolzano,603.492,2013
Bolzano,580.743,2014
Bolzano,603.466,2015
Bolzano,550.847,2016
Bolzano,572,2017
Bolzano,584.376,2018
Bolzano,586.301,2019
Bolzano,565.056,2020
Bolzano,554.56,2021
Bolzano,585.731,2022
Bolzano,581.024,2023
Brescia,466,1990
Brescia,432.108,1991
Brescia,407.278,1992
Brescia,425.667,1993
Brescia,440.944,1994
Brescia,402.833,1995
Brescia,461.5,1996
Brescia,413.889,1997
Brescia,411.508,1998
Brescia,398,1999
Brescia,455,2000
Brescia,452.45,2001
Brescia,479.767,2002
Brescia,502.471,2003
Brescia,441.523,2004
Brescia,516.734,2005
Brescia,517,2006
Brescia,510,2007
Brescia,501,2008
Brescia,548.673,2009
Brescia,516.88,2010
Brescia,517.102,2011
Brescia,549.088,2012
Brescia,531.692,2013
Brescia,561.756,2014
Brescia,532.907,2015
Brescia,476.619,2016
Brescia,482,2017
Brescia,511.178,2018
Brescia,545.427,2019
Brescia,519.272,2020
Brescia,516.884,2021
Brescia,549.799,2022
Brescia,576.671,2023
Brindisi,348,1990
Brindisi,381.928,1991
Brindisi,403.45,1992
Brindisi,396.361,1993
Brindisi,377.339,1994
Brindisi,337.25,1995
Brindisi,391.667,1996
Brindisi,349.972,1997
Brindisi,421.242,1998
Brindisi,343,1999
Brindisi,406,2000
Brindisi,440.222,2001
Brindisi,408.572,2002
Brindisi,411.777,2003
Brindisi,366.555,2004
Brindisi,412.306,2005
Brindisi,415,2006
Brindisi,408,2007
Brindisi,421,2008
Brindisi,497.983,2009
Brindisi,437.146,2010
Brindisi,414.228,2011
Brindisi,409.929,2012
Brindisi,444.409,2013
Brindisi,462.891,2014
Brindisi,439.526,2015
Brindisi,391.182,2016
Brindisi,389,2017
Brindisi,397.144,2018
Brindisi,444.587,2019
Brindisi,455.066,2020
Brindisi,414.31,2021
Brindisi,433.513,2022
Brindisi,431.64,2023
Cagliari,417,1990
Cagliari,377.413,1991
Cagliari,395.85,1992
Cagliari,402.111,1993
Cagliari,398.278,1994
Cagliari,362.667,1995
Cagliari,396.04,1996
Cagliari,381.75,1997
Cagliari,390.909,1998
Cagliari,366,1999
Cagliari,426,2000
Cagliari,435.733,2001
Cagliari,463.664,2002
Cagliari,450.019,2003
Cagliari,416.816,2004
Cagliari,435.475,2005
Cagliari,445,2006
Cagliari,459,2007
Cagliari,477,2008
Cagliari,531.731,2009
Cagliari,499.357,2010
Cagliari,452.687,2011
Cagliari,480.382,2012
Cagliari,512.941,2013
Cagliari,523.614,2014
Cagliari,522.289,2015
Cagliari,459.677,2016
Cagliari,473,2017
Cagliari,507.085,2018
Cagliari,535.128,2019
Cagliari,548.124,2020
Cagliari,516.943,2021
Cagliari,554.244,2022
Cagliari,567.364,2023
Caltanissetta,368,1990
Caltanissetta,385.704,1991
Caltanissetta,384.467,1992
Caltanissetta,384.272,1993
Caltanissetta,381.933,1994
Caltanissetta,329.361,1995
Caltanissetta,391.306,1996
Caltanissetta,355.528,1997
Caltanissetta,387.359,1998
Caltanissetta,340,1999
Caltanissetta,372,2000
Caltanissetta,415.056,2001
Caltanissetta,401.4,2002
Caltanissetta,403.004,2003
Caltanissetta,364.718,2004
Caltanissetta,421.805,2005
Caltanissetta,415,2006
Caltanissetta,396,2007
Caltanissetta,381,2008
Caltanissetta,458.952,2009
Caltanissetta,406.083,2010
Caltanissetta,378.217,2011
Caltanissetta,404.644,2012
Caltanissetta,432.248,2013
Caltanissetta,436.711,2014
Caltanissetta,421.612,2015
Caltanissetta,385.515,2016
Caltanissetta,410,2017
Caltanissetta,396.291,2018
Caltanissetta,410.83,2019
Caltanissetta,418.412,2020
Caltanissetta,382.562,2021
Caltanissetta,395.633,2022
Caltanissetta,404.815,2023
Campobasso,461,1990
Campobasso,410.84,1991
Campobasso,415.706,1992
Campobasso,404.256,1993
Campobasso,369.194,1994
Campobasso,394.889,1995
Campobasso,427.643,1996
Campobasso,396,1997
Campobasso,452.159,1998
Campobasso,374,1999
Campobasso,438,2000
Campobasso,464.756,2001
Campobasso,461.828,2002
Campobasso,455.793,2003
Campobasso,414.106,2004
Campobasso,435.703,2005
Campobasso,465,2006
Campobasso,442,2007
Campobasso,489,2008
Campobasso,559.745,2009
Campobasso,452.474,2010
Campobasso,438.472,2011
Campobasso,446.943,2012
Campobasso,494.686,2013
Campobasso,472.916,2014
Campobasso,458.092,2015
Campobasso,407.815,2016
Campobasso,423,2017
Campobasso,427.96,2018
Campobasso,464.506,2019
Campobasso,511.007,2020
Campobasso,438.624,2021
Campobasso,448.324,2022
Campobasso,483.89,2023
Carbonia-iglesias,520.757,2009
Carbonia-iglesias,469.886,2010
Carbonia-iglesias,406.536,2011
Carbonia-iglesias,444.598,2012
Carbonia-iglesias,493.553,2013
Carbonia-iglesias,486.498,2014
Carbonia-iglesias,447.38,2015
Carbonia-iglesias,403.783,2016
Carbonia-iglesias,401,2017
Caserta,321,1990
Caserta,338.68,1991
Caserta,354.611,1992
Caserta,393.078,1993
Caserta,368.089,1994
Caserta,345.85,1995
Caserta,380.056,1996
Caserta,347.372,1997
Caserta,361.355,1998
Caserta,338,1999
Caserta,397,2000
Caserta,398.194,2001
Caserta,423.514,2002
Caserta,441.284,2003
Caserta,350.949,2004
Caserta,410.006,2005
Caserta,415,2006
Caserta,399,2007
Caserta,411,2008
Caserta,461.138,2009
Caserta,404.376,2010
Caserta,383.177,2011
Caserta,414.473,2012
Caserta,431.05,2013
Caserta,431.897,2014
Caserta,415.018,2015
Caserta,372.082,2016
Caserta,370,2017
Caserta,393.295,2018
Caserta,440.773,2019
Caserta,445.078,2020
Caserta,396.613,2021
Caserta,422.411,2022
Caserta,434.023,2023
Catania,320,1990
Catania,345.09,1991
Catania,348.889,1992
Catania,367.806,1993
Catania,361.778,1994
Catania,355.028,1995
Catania,396.052,1996
Catania,347.444,1997
Catania,370.314,1998
Catania,335,1999
Catania,404,2000
Catania,407.861,2001
Catania,400.481,2002
Catania,399.434,2003
Catania,354.167,2004
Catania,396.539,2005
Catania,388,2006
Catania,390,2007
Catania,398,2008
Catania,460.449,2009
Catania,409.664,2010
Catania,392.787,2011
Catania,429.162,2012
Catania,431.974,2013
Catania,445.965,2014
Catania,429.379,2015
Catania,392.406,2016
Catania,410,2017
Catania,418.432,2018
Catania,427.872,2019
Catania,450.234,2020
Catania,389.048,2021
Catania,434.275,2022
Catania,447.307,2023
Catanzaro,384,1990
Catanzaro,352.809,1991
Catanzaro,354.261,1992
Catanzaro,384.556,1993
Catanzaro,377.439,1994
Catanzaro,351.894,1995
Catanzaro,406.694,1996
Catanzaro,360.578,1997
Catanzaro,401.731,1998
Catanzaro,358,1999
Catanzaro,436,2000
Catanzaro,406.483,2001
Catanzaro,426.181,2002
Catanzaro,410.806,2003
Catanzaro,368.818,2004
Catanzaro,408.568,2005
Catanzaro,423,2006
Catanzaro,392,2007
Catanzaro,426,2008
Catanzaro,498.538,2009
Catanzaro,426.427,2010
Catanzaro,421.974,2011
Catanzaro,447.677,2012
Catanzaro,459.491,2013
Catanzaro,455.922,2014
Catanzaro,423.279,2015
Catanzaro,391.913,2016
Catanzaro,414,2017
Catanzaro,414.971,2018
Catanzaro,445.194,2019
Catanzaro,427.763,2020
Catanzaro,406.251,2021
Catanzaro,427.692,2022
Catanzaro,448.062,2023
Chieti,414,1990
Chieti,421.614,1991
Chieti,422.656,1992
Chieti,422.289,1993
Chieti,383.561,1994
Chieti,387.194,1995
Chieti,427.115,1996
Chieti,379.472,1997
Chieti,427.635,1998
Chieti,389,1999
Chieti,450,2000
Chieti,457.106,2001
Chieti,459.592,2002
Chieti,474.106,2003
Chieti,429.809,2004
Chieti,483.221,2005
Chieti,474,2006
Chieti,454,2007
Chieti,487,2008
Chieti,549.375,2009
Chieti,472.428,2010
Chieti,473.439,2011
Chieti,500.597,2012
Chieti,509.916,2013
Chieti,503.945,2014
Chieti,481.849,2015
Chieti,447.265,2016
Chieti,459,2017
Chieti,489.921,2018
Chieti,502.09,2019
Chieti,509.931,2020
Chieti,468.286,2021
Chieti,464.842,2022
Chieti,516.6,2023
Como,448,1990
Como,436.774,1991
Como,425.183,1992
Como,433.428,1993
Como,408.361,1994
Como,388,1995
Como,433.198,1996
Como,405.722,1997
Como,438.032,1998
Como,407,1999
Como,461,2000
Como,448.056,2001
Como,483.478,2002
Como,497.069,2003
Como,449.693,2004
Como,491.193,2005
Como,484,2006
Como,487,2007
Como,498,2008
Como,524.481,2009
Como,519.842,2010
Como,503.962,2011
Como,535.646,2012
Como,537.995,2013
Como,537.743,2014
Como,547.646,2015
Como,486.099,2016
Como,498,2017
Como,514.951,2018
Como,516.522,2019
Como,510.6,2020
Como,522.588,2021
Como,537.243,2022
Como,574.374,2023
Cosenza,398,1990
Cosenza,374.873,1991
Cosenza,377.75,1992
Cosenza,385.75,1993
Cosenza,378.417,1994
Cosenza,365.639,1995
Cosenza,397.111,1996
Cosenza,384.222,1997
Cosenza,380.564,1998
Cosenza,393,1999
Cosenza,404,2000
Cosenza,420.267,2001
Cosenza,440.517,2002
Cosenza,427.586,2003
Cosenza,363.978,2004
Cosenza,425.499,2005
Cosenza,424,2006
Cosenza,403,2007
Cosenza,430,2008
Cosenza,493.596,2009
Cosenza,433.988,2010
Cosenza,397.679,2011
Cosenza,419.989,2012
Cosenza,436.703,2013
Cosenza,446.373,2014
Cosenza,427.357,2015
Cosenza,383.183,2016
Cosenza,412,2017
Cosenza,401.068,2018
Cosenza,428.001,2019
Cosenza,458.845,2020
Cosenza,418.154,2021
Cosenza,430.579,2022
Cosenza,418.723,2023
Cremona,465,1990
Cremona,426.515,1991
Cremona,448.861,1992
Cremona,439.5,1993
Cremona,426.1,1994
Cremona,446.972,1995
Cremona,497.286,1996
Cremona,457.75,1997
Cremona,457.115,1998
Cremona,440,1999
Cremona,482,2000
Cremona,486.756,2001
Cremona,501.608,2002
Cremona,464.506,2003
Cremona,421.128,2004
Cremona,484.211,2005
Cremona,493,2006
Cremona,472,2007
Cremona,525,2008
Cremona,554,2009
Cremona,523.271,2010
Cremona,509.984,2011
Cremona,515.13,2012
Cremona,549.787,2013
Cremona,532.077,2014
Cremona,509.154,2015
Cremona,475.833,2016
Cremona,490,2017
Cremona,526.981,2018
Cremona,530.88,2019
Cremona,505.848,2020
Cremona,504.156,2021
Cremona,562.689,2022
Cremona,573.518,2023
Crotone,378.728,1996
Crotone,321.883,1997
Crotone,396.378,1998
Crotone,350,1999
Crotone,389,2000
Crotone,431.922,2001
Crotone,480.978,2002
Crotone,455.792,2003
Crotone,360.437,2004
Crotone,422.179,2005
Crotone,442,2006
Crotone,440,2007
Crotone,468,2008
Crotone,492.899,2009
Crotone,439.335,2010
Crotone,427.485,2011
Crotone,447.215,2012
Crotone,455.523,2013
Crotone,483.485,2014
Crotone,444.075,2015
Crotone,373.47,2016
Crotone,422,2017
Crotone,390.129,2018
Crotone,410.881,2019
Crotone,417.905,2020
Crotone,340.969,2021
Crotone,385.134,2022
Crotone,415.402,2023
Cuneo,472,1990
Cuneo,438.81,1991
Cuneo,437.589,1992
Cuneo,470.533,1993
Cuneo,451.389,1994
Cuneo,419.972,1995
Cuneo,494.008,1996
Cuneo,454.833,1997
Cuneo,460.218,1998
Cuneo,447,1999
Cuneo,477,2000
Cuneo,493.728,2001
Cuneo,498.089,2002
Cuneo,502.742,2003
Cuneo,469.987,2004
Cuneo,536.108,2005
Cuneo,539,2006
Cuneo,515,2007
Cuneo,548,2008
Cuneo,577.074,2009
Cuneo,560.252,2010
Cuneo,537.013,2011
Cuneo,564.512,2012
Cuneo,564.989,2013
Cuneo,573.16,2014
Cuneo,561.407,2015
Cuneo,509.223,2016
Cuneo,508,2017
Cuneo,528.671,2018
Cuneo,532.435,2019
Cuneo,530.288,2020
Cuneo,508.003,2021
Cuneo,533.501,2022
Cuneo,545.74,2023
Enna,414,1990
Enna,456.807,1991
Enna,431.172,1992
Enna,419.611,1993
Enna,391.689,1994
Enna,361.5,1995
Enna,398.222,1996
Enna,364.239,1997
Enna,406.128,1998
Enna,376,1999
Enna,436,2000
Enna,434.861,2001
Enna,461.483,2002
Enna,436.027,2003
Enna,367.88,2004
Enna,430.625,2005
Enna,427,2006
Enna,404,2007
Enna,455,2008
Enna,499.24,2009
Enna,437.401,2010
Enna,389.237,2011
Enna,438.388,2012
Enna,454.1,2013
Enna,439.207,2014
Enna,435.441,2015
Enna,407.705,2016
Enna,422,2017
Enna,392.998,2018
Enna,413.76,2019
Enna,426.408,2020
Enna,413.179,2021
Enna,417.394,2022
Enna,448.526,2023
Fermo,516.013,2015
Fermo,451.977,2016
Fermo,473,2017
Fermo,499.119,2018
Fermo,502.335,2019
Fermo,499.248,2020
Fermo,455.215,2021
Fermo,477.146,2022
Fermo,534.433,2023
Ferrara,428,1990
Ferrara,429.341,1991
Ferrara,434.889,1992
Ferrara,449.611,1993
Ferrara,428.917,1994
Ferrara,408.333,1995
Ferrara,471.29,1996
Ferrara,451.944,1997
Ferrara,433.012,1998
Ferrara,400,1999
Ferrara,461,2000
Ferrara,494.683,2001
Ferrara,484.931,2002
Ferrara,445.355,2003
Ferrara,429.758,2004
Ferrara,471.103,2005
Ferrara,481,2006
Ferrara,488,2007
Ferrara,519,2008
Ferrara,554.891,2009
Ferrara,532.956,2010
Ferrara,508.815,2011
Ferrara,517.561,2012
Ferrara,549.704,2013
Ferrara,546.048,2014
Ferrara,492.63,2015
Ferrara,457.26,2016
Ferrara,483,2017
Ferrara,502.027,2018
Ferrara,480.739,2019
Ferrara,521.249,2020
Ferrara,497.049,2021
Ferrara,520.319,2022
Ferrara,518.121,2023
Firenze,499,1990
Firenze,475.467,1991
Firenze,447.417,1992
Firenze,451.278,1993
Firenze,440.944,1994
Firenze,417.167,1995
Firenze,479.619,1996
Firenze,444.722,1997
Firenze,474.325,1998
Firenze,450,1999
Firenze,518,2000
Firenze,525.478,2001
Firenze,535.033,2002
Firenze,544.615,2003
Firenze,498.984,2004
Firenze,511.687,2005
Firenze,553,2006
Firenze,532,2007
Firenze,551,2008
Firenze,585.653,2009
Firenze,551.895,2010
Firenze,565.686,2011
Firenze,562.704,2012
Firenze,586.61,2013
Firenze,574.422,2014
Firenze,567.47,2015
Firenze,551.065,2016
Firenze,524,2017
Firenze,536.282,2018
Firenze,542.859,2019
Firenze,526.156,2020
Firenze,534.633,2021
Firenze,581.864,2022
Firenze,587.721,2023
Foggia,361,1990
Foggia,351.419,1991
Foggia,371.333,1992
Foggia,406.228,1993
Foggia,368.389,1994
Foggia,369.028,1995
Foggia,397.349,1996
Foggia,374.25,1997
Foggia,424.98,1998
Foggia,339,1999
Foggia,394,2000
Foggia,419.033,2001
Foggia,382.372,2002
Foggia,405.13,2003
Foggia,344.383,2004
Foggia,395.892,2005
Foggia,399,2006
Foggia,385,2007
Foggia,394,2008
Foggia,469.299,2009
Foggia,400.79,2010
Foggia,377.783,2011
Foggia,411.829,2012
Foggia,433.677,2013
Foggia,429.353,2014
Foggia,420.069,2015
Foggia,382.464,2016
Foggia,401,2017
Foggia,385.963,2018
Foggia,410.931,2019
Foggia,430.766,2020
Foggia,370.864,2021
Foggia,400.865,2022
Foggia,401.845,2023
Forlì,513,1990
Forlì-Cesena,443.883,1991
Forlì-Cesena,453.417,1992
Forlì-Cesena,463.744,1993
Forlì-Cesena,444.944,1994
Forlì-Cesena,422.444,1995
Forlì-Cesena,519.73,1996
Forlì-Cesena,433.389,1997
Forlì-Cesena,451.96,1998
Forlì-Cesena,424,1999
Forlì-Cesena,510,2000
Forlì-Cesena,513.706,2001
Forlì-Cesena,528.647,2002
Forlì-Cesena,522.836,2003
Forlì-Cesena,500.238,2004
Forlì-Cesena,528.255,2005
Forlì-Cesena,542,2006
Forlì-Cesena,524,2007
Forlì-Cesena,539,2008
Forlì-Cesena,571.483,2009
Forlì-Cesena,545.859,2010
Forlì-Cesena,555.09,2011
Forlì-Cesena,549.991,2012
Forlì-Cesena,573.771,2013
Forlì-Cesena,572.424,2014
Forlì-Cesena,534.737,2015
Forlì-Cesena,497.846,2016
Forlì-Cesena,510,2017
Forlì-Cesena,529.816,2018
Forlì-Cesena,529.502,2019
Forlì-Cesena,537.872,2020
Forlì-Cesena,500.724,2021
Forlì-Cesena,536.365,2022
Forlì-Cesena,545.555,2023
Frosinone,412,1990
Frosinone,424.477,1991
Frosinone,423.967,1992
Frosinone,412.456,1993
Frosinone,394.139,1994
Frosinone,367.85,1995
Frosinone,401.778,1996
Frosinone,365.4,1997
Frosinone,397.529,1998
Frosinone,408,1999
Frosinone,409,2000
Frosinone,424.017,2001
Frosinone,426.456,2002
Frosinone,435.021,2003
Frosinone,388.31,2004
Frosinone,454.969,2005
Frosinone,447,2006
Frosinone,435,2007
Frosinone,432,2008
Frosinone,498.693,2009
Frosinone,438.074,2010
Frosinone,418.535,2011
Frosinone,443.359,2012
Frosinone,454.233,2013
Frosinone,457.682,2014
Frosinone,455.775,2015
Frosinone,425.942,2016
Frosinone,416,2017
Frosinone,427.371,2018
Frosinone,448.245,2019
Frosinone,461.848,2020
Frosinone,431.893,2021
Frosinone,457.66,2022
Frosinone,474.491,2023
Genova,396,1990
Genova,428.701,1991
Genova,449.917,1992
Genova,458.167,1993
Genova,448.389,1994
Genova,417.639,1995
Genova,457.885,1996
Genova,406.194,1997
Genova,458.349,1998
Genova,401,1999
Genova,471,2000
Genova,483.528,2001
Genova,494.336,2002
Genova,483.068,2003
Genova,469.061,2004
Genova,497.479,2005
Genova,512,2006
Genova,498,2007
Genova,512,2008
Genova,579.322,2009
Genova,537.732,2010
Genova,532.368,2011
Genova,525.618,2012
Genova,564.745,2013
Genova,566.088,2014
Genova,518.464,2015
Genova,501.743,2016
Genova,480,2017
Genova,493.539,2018
Genova,504.507,2019
Genova,530.325,2020
Genova,511.472,2021
Genova,547.835,2022
Genova,538.329,2023
Gorizia,532,1990
Gorizia,514.824,1991
Gorizia,493,1992
Gorizia,498.444,1993
Gorizia,434.644,1994
Gorizia,458.083,1995
Gorizia,489.516,1996
Gorizia,416.194,1997
Gorizia,492.496,1998
Gorizia,443,1999
Gorizia,530,2000
Gorizia,533.483,2001
Gorizia,522.661,2002
Gorizia,540.041,2003
Gorizia,489.494,2004
Gorizia,567.596,2005
Gorizia,533,2006
Gorizia,509,2007
Gorizia,570,2008
Gorizia,585.764,2009
Gorizia,572.358,2010
Gorizia,523.622,2011
Gorizia,529.116,2012
Gorizia,567.612,2013
Gorizia,546.286,2014
Gorizia,543.61,2015
Gorizia,505.169,2016
Gorizia,543,2017
Gorizia,549.106,2018
Gorizia,520.927,2019
Gorizia,527.242,2020
Gorizia,514.835,2021
Gorizia,553.498,2022
Gorizia,559.653,2023
Grosseto,478,1990
Grosseto,451.71,1991
Grosseto,465.183,1992
Grosseto,474.139,1993
Grosseto,439.611,1994
Grosseto,476.361,1995
Grosseto,501.702,1996
Grosseto,444.056,1997
Grosseto,505.417,1998
Grosseto,441,1999
Grosseto,478,2000
Grosseto,482.461,2001
Grosseto,509.567,2002
Grosseto,490.357,2003
Grosseto,459.665,2004
Grosseto,520.802,2005
Grosseto,544,2006
Grosseto,526,2007
Grosseto,545,2008
Grosseto,599.463,2009
Grosseto,538.127,2010
Grosseto,515.489,2011
Grosseto,545.743,2012
Grosseto,558.547,2013
Grosseto,575.373,2014
Grosseto,528.518,2015
Grosseto,469.647,2016
Grosseto,474,2017
Grosseto,463.641,2018
Grosseto,449.996,2019
Grosseto,511.689,2020
Grosseto,486.202,2021
Grosseto,508.717,2022
Grosseto,490.687,2023
Imperia,436,1990
Imperia,418.925,1991
Imperia,417.833,1992
Imperia,421.139,1993
Imperia,415.917,1994
Imperia,398.722,1995
Imperia,453.647,1996
Imperia,393.306,1997
Imperia,442.413,1998
Imperia,376,1999
Imperia,447,2000
Imperia,451.417,2001
Imperia,480.433,2002
Imperia,472.417,2003
Imperia,430.88,2004
Imperia,486.03,2005
Imperia,493,2006
Imperia,477,2007
Imperia,509,2008
Imperia,557.308,2009
Imperia,491.856,2010
Imperia,485.384,2011
Imperia,503.56,2012
Imperia,508.968,2013
Imperia,525.883,2014
Imperia,489.146,2015
Imperia,445.051,2016
Imperia,454,2017
Imperia,456.729,2018
Imperia,443.196,2019
Imperia,469.294,2020
Imperia,439.793,2021
Imperia,483.364,2022
Imperia,472.173,2023
Isernia,478,1990
Isernia,456.607,1991
Isernia,444.122,1992
Isernia,480.983,1993
Isernia,457.689,1994
Isernia,457.489,1995
Isernia,443.361,1996
Isernia,417.228,1997
Isernia,526.5,1998
Isernia,456,1999
Isernia,504,2000
Isernia,449.489,2001
Isernia,449.492,2002
Isernia,462.038,2003
Isernia,409.235,2004
Isernia,453.271,2005
Isernia,496,2006
Isernia,436,2007
Isernia,498,2008
Isernia,498.473,2009
Isernia,448.64,2010
Isernia,422.632,2011
Isernia,437.99,2012
Isernia,485.337,2013
Isernia,459.702,2014
Isernia,451.606,2015
Isernia,425.746,2016
Isernia,439,2017
Isernia,417.869,2018
Isernia,427.027,2019
Isernia,473.712,2020
Isernia,436.209,2021
Isernia,391.168,2022
Isernia,462.696,2023
L'Aquila,463,1990
L'Aquila,438.598,1991
L'Aquila,427.528,1992
L'Aquila,434.75,1993
L'Aquila,415.339,1994
L'Aquila,407.972,1995
L'Aquila,460.718,1996
L'Aquila,404.194,1997
L'Aquila,460.25,1998
L'Aquila,399,1999
L'Aquila,440,2000
L'Aquila,463.594,2001
L'Aquila,491.589,2002
L'Aquila,491.14,2003
L'Aquila,440.242,2004
L'Aquila,489.431,2005
L'Aquila,473,2006
L'Aquila,459,2007
L'Aquila,498,2008
L'Aquila,551.122,2009
L'Aquila,496.941,2010
L'Aquila,457.193,2011
L'Aquila,477.748,2012
L'Aquila,508.567,2013
L'Aquila,516.312,2014
L'Aquila,468.039,2015
L'Aquila,453.427,2016
L'Aquila,461,2017
L'Aquila,456.454,2018
L'Aquila,489.661,2019
L'Aquila,518.775,2020
L'Aquila,473.873,2021
L'Aquila,495.126,2022
L'Aquila,527.57,2023
La Spezia,418,1990
La Spezia,399.041,1991
La Spezia,408.944,1992
La Spezia,446.417,1993
La Spezia,409.528,1994
La Spezia,413.528,1995
La Spezia,446.639,1996
La Spezia,394.583,1997
La Spezia,450.183,1998
La Spezia,397,1999
La Spezia,450,2000
La Spezia,467.517,2001
La Spezia,503.406,2002
La Spezia,474.541,2003
La Spezia,446.315,2004
La Spezia,488.525,2005
La Spezia,509,2006
La Spezia,477,2007
La Spezia,504,2008
La Spezia,554.737,2009
La Spezia,506.114,2010
La Spezia,500.642,2011
La Spezia,529.001,2012
La Spezia,531.629,2013
La Spezia,536.619,2014
La Spezia,502.887,2015
La Spezia,462.132,2016
La Spezia,479,2017
La Spezia,482.39,2018
La Spezia,502.344,2019
La Spezia,517.967,2020
La Spezia,498.014,2021
La Spezia,522.226,2022
La Spezia,523.165,2023
Latina,414,1990
Latina,382.61,1991
Latina,373.917,1992
Latina,374.472,1993
Latina,364.444,1994
Latina,345.167,1995
Latina,404.413,1996
Latina,349.056,1997
Latina,389.869,1998
Latina,340,1999
Latina,417,2000
Latina,430.283,2001
Latina,454.592,2002
Latina,470.634,2003
Latina,414.413,2004
Latina,451.463,2005
Latina,440,2006
Latina,444,2007
Latina,448,2008
Latina,505.208,2009
Latina,435.841,2010
Latina,432.635,2011
Latina,445.775,2012
Latina,463.909,2013
Latina,506.52,2014
Latina,481.931,2015
Latina,430.18,2016
Latina,423,2017
Latina,444.561,2018
Latina,472.689,2019
Latina,469.084,2020
Latina,427.21,2021
Latina,453.077,2022
Latina,456.161,2023
Lecce,384,1990
Lecce,365.413,1991
Lecce,371.161,1992
Lecce,360.8,1993
Lecce,381.206,1994
Lecce,349.544,1995
Lecce,385.917,1996
Lecce,341.444,1997
Lecce,387.722,1998
Lecce,366,1999
Lecce,407,2000
Lecce,402.789,2001
Lecce,424.081,2002
Lecce,410.431,2003
Lecce,350.515,2004
Lecce,408.445,2005
Lecce,415,2006
Lecce,411,2007
Lecce,424,2008
Lecce,482.399,2009
Lecce,438.082,2010
Lecce,416.981,2011
Lecce,424.429,2012
Lecce,446.115,2013
Lecce,441.685,2014
Lecce,418.318,2015
Lecce,394.385,2016
Lecce,399,2017
Lecce,410.95,2018
Lecce,449.197,2019
Lecce,468.083,2020
Lecce,438.696,2021
Lecce,459.822,2022
Lecce,494.648,2023
Lecco,445.067,1996
Lecco,410.139,1997
Lecco,428.442,1998
Lecco,430,1999
Lecco,485,2000
Lecco,494.85,2001
Lecco,511.536,2002
Lecco,501.846,2003
Lecco,467.741,2004
Lecco,516.015,2005
Lecco,522,2006
Lecco,507,2007
Lecco,497,2008
Lecco,523.685,2009
Lecco,510.185,2010
Lecco,511.817,2011
Lecco,508.055,2012
Lecco,536.749,2013
Lecco,535.063,2014
Lecco,517.179,2015
Lecco,490.873,2016
Lecco,497,2017
Lecco,545.822,2018
Lecco,523.938,2019
Lecco,513.059,2020
Lecco,512.901,2021
Lecco,538.235,2022
Lecco,545.745,2023
Livorno,426,1990
Livorno,444.995,1991
Livorno,444.639,1992
Livorno,451.939,1993
Livorno,430.339,1994
Livorno,416.5,1995
Livorno,471.274,1996
Livorno,410.472,1997
Livorno,453.266,1998
Livorno,411,1999
Livorno,474,2000
Livorno,503.25,2001
Livorno,496.075,2002
Livorno,492.059,2003
Livorno,469.188,2004
Livorno,523.557,2005
Livorno,528,2006
Livorno,492,2007
Livorno,519,2008
Livorno,579.417,2009
Livorno,543.99,2010
Livorno,552.627,2011
Livorno,543.94,2012
Livorno,554.671,2013
Livorno,580.315,2014
Livorno,533.172,2015
Livorno,514.112,2016
Livorno,512,2017
Livorno,514.161,2018
Livorno,502.477,2019
Livorno,518.054,2020
Livorno,486.028,2021
Livorno,518.613,2022
Livorno,504.726,2023
Lodi,397.071,1996
Lodi,410.394,1997
Lodi,443.503,1998
Lodi,406,1999
Lodi,443,2000
Lodi,471.906,2001
Lodi,498.108,2002
Lodi,470.954,2003
Lodi,406.201,2004
Lodi,476.416,2005
Lodi,507,2006
Lodi,483,2007
Lodi,494,2008
Lodi,532.873,2009
Lodi,493.821,2010
Lodi,469.466,2011
Lodi,490.929,2012
Lodi,513.673,2013
Lodi,517.376,2014
Lodi,494.038,2015
Lodi,437.685,2016
Lodi,462,2017
Lodi,499.695,2018
Lodi,519.628,2019
Lodi,504.668,2020
Lodi,485.112,2021
Lodi,522.146,2022
Lodi,537.379,2023
Lucca,441,1990
Lucca,435.597,1991
Lucca,438.417,1992
Lucca,453.072,1993
Lucca,438.2,1994
Lucca,401.833,1995
Lucca,463.302,1996
Lucca,432.833,1997
Lucca,459.648,1998
Lucca,427,1999
Lucca,476,2000
Lucca,493.289,2001
Lucca,481.206,2002
Lucca,482.828,2003
Lucca,439.667,2004
Lucca,503.188,2005
Lucca,522,2006
Lucca,521,2007
Lucca,508,2008
Lucca,557.49,2009
Lucca,499.374,2010
Lucca,524.535,2011
Lucca,541.034,2012
Lucca,535.25,2013
Lucca,538.79,2014
Lucca,507.298,2015
Lucca,489.605,2016
Lucca,474,2017
Lucca,508.381,2018
Lucca,496.994,2019
Lucca,501.056,2020
Lucca,484.93,2021
Lucca,522.385,2022
Lucca,509.096,2023
Macerata,502,1990
Macerata,450.434,1991
Macerata,448.028,1992
Macerata,471.011,1993
Macerata,436.278,1994
Macerata,431.194,1995
Macerata,486.659,1996
Macerata,432.333,1997
Macerata,481.814,1998
Macerata,416,1999
Macerata,460,2000
Macerata,478.856,2001
Macerata,495.961,2002
Macerata,501.758,2003
Macerata,429.874,2004
Macerata,503.715,2005
Macerata,533,2006
Macerata,517,2007
Macerata,547,2008
Macerata,608.406,2009
Macerata,558.027,2010
Macerata,512.472,2011
Macerata,544.34,2012
Macerata,584.197,2013
Macerata,578.578,2014
Macerata,554.034,2015
Macerata,499.931,2016
Macerata,500,2017
Macerata,518.734,2018
Macerata,521.847,2019
Macerata,524.464,2020
Macerata,489.177,2021
Macerata,503.682,2022
Macerata,546.347,2023
Mantova,489,1990
Mantova,435.958,1991
Mantova,452.75,1992
Mantova,435.694,1993
Mantova,419.167,1994
Mantova,423.139,1995
Mantova,470.401,1996
Mantova,436.567,1997
Mantova,476.917,1998
Mantova,461,1999
Mantova,483,2000
Mantova,502.483,2001
Mantova,536.058,2002
Mantova,500.815,2003
Mantova,442.537,2004
Mantova,512.589,2005
Mantova,520,2006
Mantova,495,2007
Mantova,517,2008
Mantova,558.329,2009
Mantova,529.011,2010
Mantova,512.946,2011
Mantova,540.735,2012
Mantova,548.19,2013
Mantova,556.324,2014
Mantova,530.338,2015
Mantova,471.705,2016
Mantova,489,2017
Mantova,538.44,2018
Mantova,502.359,2019
Mantova,515.801,2020
Mantova,493.18,2021
Mantova,506.472,2022
Mantova,538.567,2023
Massa-Carrara,440,1990
Massa-Carrara,467.924,1991
Massa-Carrara,435.667,1992
Massa-Carrara,438,1993
Massa-Carrara,438.778,1994
Massa-Carrara,403.139,1995
Massa-Carrara,437.341,1996
Massa-Carrara,420.917,1997
Massa-Carrara,432.814,1998
Massa-Carrara,383,1999
Massa-Carrara,449,2000
Massa-Carrara,469.306,2001
Massa-Carrara,464.822,2002
Massa-Carrara,497.981,2003
Massa-Carrara,435.886,2004
Massa-Carrara,481.145,2005
Massa-Carrara,473,2006
Massa-Carrara,460,2007
Massa-Carrara,460,2008
Massa-Carrara,536.97,2009
Massa-Carrara,493.849,2010
Massa-Carrara,478.325,2011
Massa-Carrara,511.083,2012
Massa-Carrara,534.651,2013
Massa-Carrara,565.318,2014
Massa-Carrara,519.594,2015
Massa-Carrara,471.762,2016
Massa-Carrara,452,2017
Massa-Carrara,462.607,2018
Massa-Carrara,467.533,2019
Massa-Carrara,488.602,2020
Massa-Carrara,451.463,2021
Massa-Carrara,499.71,2022
Massa-Carrara,493.854,2023
Matera,395,1990
Matera,392.396,1991
Matera,391.55,1992
Matera,408.711,1993
Matera,397.406,1994
Matera,389.783,1995
Matera,407.667,1996
Matera,390.161,1997
Matera,477.325,1998
Matera,379,1999
Matera,421,2000
Matera,433.35,2001
Matera,445.686,2002
Matera,440.064,2003
Matera,403.503,2004
Matera,480.448,2005
Matera,500,2006
Matera,470,2007
Matera,460,2008
Matera,539.034,2009
Matera,492.574,2010
Matera,433.834,2011
Matera,449.573,2012
Matera,495.79,2013
Matera,486.874,2014
Matera,463.716,2015
Matera,397.572,2016
Matera,448,2017
Matera,430.708,2018
Matera,450.756,2019
Matera,487.378,2020
Matera,449.615,2021
Matera,462.265,2022
Matera,459.071,2023
Medio Campidano,513.712,2009
Medio Campidano,467.659,2010
Medio Campidano,415.102,2011
Medio Campidano,444.742,2012
Medio Campidano,498.573,2013
Medio Campidano,474.014,2014
Medio Campidano,429.895,2015
Medio Campidano,390.797,2016
Medio Campidano,401,2017
Messina,371,1990
Messina,356.88,1991
Messina,359.794,1992
Messina,358.917,1993
Messina,348.333,1994
Messina,363.944,1995
Messina,376.702,1996
Messina,362.944,1997
Messina,372.877,1998
Messina,332,1999
Messina,394,2000
Messina,421.578,2001
Messina,400.483,2002
Messina,380.354,2003
Messina,342.977,2004
Messina,425.581,2005
Messina,430,2006
Messina,425,2007
Messina,433,2008
Messina,486.997,2009
Messina,413.865,2010
Messina,409.476,2011
Messina,422.592,2012
Messina,445.102,2013
Messina,450.153,2014
Messina,418.451,2015
Messina,401.789,2016
Messina,415,2017
Messina,405.81,2018
Messina,422.331,2019
Messina,449.621,2020
Messina,403.691,2021
Messina,435.482,2022
Messina,451.186,2023
Milano,451,1990
Milano,449.982,1991
Milano,451.472,1992
Milano,464.25,1993
Milano,437.056,1994
Milano,416.722,1995
Milano,442.131,1996
Milano,436.861,1997
Milano,448.23,1998
Milano,444,1999
Milano,508,2000
Milano,509.844,2001
Milano,530.447,2002
Milano,544.225,2003
Milano,505.788,2004
Milano,553.04,2005
Milano,565,2006
Milano,545,2007
Milano,533,2008
Milano,578.791,2009
Milano,541.054,2010
Milano,537.088,2011
Milano,563.877,2012
Milano,582.529,2013
Milano,582.066,2014
Milano,581.485,2015
Milano,577.443,2016
Milano,544,2017
Milano,585.85,2018
Milano,587.56,2019
Milano,540.013,2020
Milano,580.591,2021
Milano,573.938,2022
Milano,586.366,2023
Modena,519,1990
Modena,453.588,1991
Modena,456.639,1992
Modena,471.806,1993
Modena,457.694,1994
Modena,438.694,1995
Modena,491.837,1996
Modena,451.278,1997
Modena,447.98,1998
Modena,435,1999
Modena,496,2000
Modena,504.711,2001
Modena,514.928,2002
Modena,521.177,2003
Modena,461.601,2004
Modena,505.033,2005
Modena,513,2006
Modena,506,2007
Modena,503,2008
Modena,551.71,2009
Modena,530.023,2010
Modena,535.673,2011
Modena,569.436,2012
Modena,577.592,2013
Modena,593.962,2014
Modena,551.456,2015
Modena,513.513,2016
Modena,503,2017
Modena,540.285,2018
Modena,536.519,2019
Modena,534.391,2020
Modena,514.64,2021
Modena,555.659,2022
Modena,586.609,2023
Monza-Brianza,541.806,2015
Monza-Brianza,485.949,2016
Monza-Brianza,502,2017
Monza-Brianza,536.118,2018
Monza-Brianza,561.446,2019
Monza-Brianza,503.866,2020
Monza-Brianza,525.964,2021
Monza-Brianza,549.618,2022
Monza-Brianza,583.622,2023
Napoli,346,1990
Napoli,358.664,1991
Napoli,349.217,1992
Napoli,367.222,1993
Napoli,354.278,1994
Napoli,340.111,1995
Napoli,389.111,1996
Napoli,336.583,1997
Napoli,362.996,1998
Napoli,362,1999
Napoli,447,2000
Napoli,435.7,2001
Napoli,426.911,2002
Napoli,454.056,2003
Napoli,383.035,2004
Napoli,416.759,2005
Napoli,402,2006
Napoli,405,2007
Napoli,396,2008
Napoli,456.481,2009
Napoli,396.903,2010
Napoli,378.577,2011
Napoli,404.537,2012
Napoli,417.402,2013
Napoli,446.738,2014
Napoli,422.418,2015
Napoli,372.528,2016
Napoli,389,2017
Napoli,410.136,2018
Napoli,449.263,2019
Napoli,449.254,2020
Napoli,416.221,2021
Napoli,425.401,2022
Napoli,412.216,2023
Novara,443,1990
Novara,419.829,1991
Novara,450.194,1992
Novara,439.417,1993
Novara,439.833,1994
Novara,410.472,1995
Novara,486.841,1996
Novara,414.972,1997
Novara,442.202,1998
Novara,437,1999
Novara,499,2000
Novara,481.561,2001
Novara,476.186,2002
Novara,480.444,2003
Novara,446.169,2004
Novara,482.071,2005
Novara,511,2006
Novara,475,2007
Novara,513,2008
Novara,549.836,2009
Novara,513.302,2010
Novara,504.663,2011
Novara,501.572,2012
Novara,516.865,2013
Novara,519.985,2014
Novara,496.8,2015
Novara,460.831,2016
Novara,480,2017
Novara,495.607,2018
Novara,518.053,2019
Novara,518.723,2020
Novara,508.724,2021
Novara,530.887,2022
Novara,544.475,2023
Nuoro,410,1990
Nuoro,406.173,1991
Nuoro,432.361,1992
Nuoro,423.594,1993
Nuoro,426.344,1994
Nuoro,419.167,1995
Nuoro,449.972,1996
Nuoro,424,1997
Nuoro,468.365,1998
Nuoro,435,1999
Nuoro,457,2000
Nuoro,471.772,2001
Nuoro,453.083,2002
Nuoro,430.917,2003
Nuoro,407.951,2004
Nuoro,457.501,2005
Nuoro,475,2006
Nuoro,459,2007
Nuoro,494,2008
Nuoro,566.991,2009
Nuoro,532.359,2010
Nuoro,477.954,2011
Nuoro,513.725,2012
Nuoro,544.384,2013
Nuoro,537.023,2014
Nuoro,518.156,2015
Nuoro,440.389,2016
Nuoro,448,2017
Nuoro,436.054,2018
Nuoro,491.123,2019
Nuoro,502.034,2020
Nuoro,459.894,2021
Nuoro,474.444,2022
Nuoro,498.678,2023
Ogliastra,565.676,2009
Ogliastra,534.223,2010
Ogliastra,471.64,2011
Ogliastra,498.362,2012
Ogliastra,537.462,2013
Ogliastra,529.285,2014
Ogliastra,513.377,2015
Ogliastra,444.013,2016
Ogliastra,438,2017
Olbia-Tempio,574.633,2009
Olbia-Tempio,531.709,2010
Olbia-Tempio,508.527,2011
Olbia-Tempio,498.547,2012
Olbia-Tempio,531.179,2013
Olbia-Tempio,569.498,2014
Olbia-Tempio,562.321,2015
Olbia-Tempio,456.054,2016
Olbia-Tempio,457,2017
Oristano,445,1990
Oristano,446.734,1991
Oristano,455.25,1992
Oristano,435.192,1993
Oristano,436.55,1994
Oristano,418.656,1995
Oristano,451.639,1996
Oristano,440.906,1997
Oristano,438.356,1998
Oristano,391,1999
Oristano,416,2000
Oristano,424.639,2001
Oristano,476.222,2002
Oristano,476.066,2003
Oristano,409.043,2004
Oristano,462.819,2005
Oristano,460,2006
Oristano,454,2007
Oristano,536,2008
Oristano,567.762,2009
Oristano,564.874,2010
Oristano,495.64,2011
Oristano,505.948,2012
Oristano,536.872,2013
Oristano,517.599,2014
Oristano,501.899,2015
Oristano,461.257,2016
Oristano,476,2017
Oristano,455.05,2018
Oristano,476.849,2019
Oristano,500.1,2020
Oristano,456.781,2021
Oristano,485.712,2022
Oristano,507.598,2023
Padova,445,1990
Padova,409.589,1991
Padova,417.972,1992
Padova,436.194,1993
Padova,460.767,1994
Padova,440.6,1995
Padova,488.468,1996
Padova,439.25,1997
Padova,456.694,1998
Padova,424,1999
Padova,450,2000
Padova,471.478,2001
Padova,512.231,2002
Padova,483.233,2003
Padova,446.867,2004
Padova,487.966,2005
Padova,507,2006
Padova,508,2007
Padova,510,2008
Padova,556.661,2009
Padova,528.988,2010
Padova,510.662,2011
Padova,530.603,2012
Padova,549.027,2013
Padova,544.592,2014
Padova,510.583,2015
Padova,494.712,2016
Padova,489,2017
Padova,518.718,2018
Padova,532.239,2019
Padova,522.713,2020
Padova,508.166,2021
Padova,541.331,2022
Padova,572.149,2023
Palermo,336,1990
Palermo,374.125,1991
Palermo,361.667,1992
Palermo,382.972,1993
Palermo,358.778,1994
Palermo,340.194,1995
Palermo,369.31,1996
Palermo,329.139,1997
Palermo,355.476,1998
Palermo,323,1999
Palermo,394,2000
Palermo,375.506,2001
Palermo,401.247,2002
Palermo,393.694,2003
Palermo,351.178,2004
Palermo,394.804,2005
Palermo,400,2006
Palermo,399,2007
Palermo,391,2008
Palermo,462.935,2009
Palermo,408.867,2010
Palermo,387.872,2011
Palermo,414.012,2012
Palermo,426.847,2013
Palermo,449.528,2014
Palermo,415.756,2015
Palermo,389.41,2016
Palermo,404,2017
Palermo,415.206,2018
Palermo,427.267,2019
Palermo,450.264,2020
Palermo,409.553,2021
Palermo,438.697,2022
Palermo,437.944,2023
Parma,490,1990
Parma,494.219,1991
Parma,500.444,1992
Parma,507.306,1993
Parma,486.75,1994
Parma,481.333,1995
Parma,502.183,1996
Parma,468,1997
Parma,519.032,1998
Parma,483,1999
Parma,519,2000
Parma,511.3,2001
Parma,499.803,2002
Parma,500.841,2003
Parma,481.18,2004
Parma,511.995,2005
Parma,535,2006
Parma,506,2007
Parma,560,2008
Parma,585.45,2009
Parma,556.863,2010
Parma,554.859,2011
Parma,585.518,2012
Parma,571.064,2013
Parma,571.457,2014
Parma,551.968,2015
Parma,501.289,2016
Parma,506,2017
Parma,527.549,2018
Parma,546.008,2019
Parma,548.466,2020
Parma,532.082,2021
Parma,573.822,2022
Parma,582.787,2023
Pavia,430,1990
Pavia,392.721,1991
Pavia,411.528,1992
Pavia,438.2,1993
Pavia,432.172,1994
Pavia,405.833,1995
Pavia,459.25,1996
Pavia,407.722,1997
Pavia,435.714,1998
Pavia,395,1999
Pavia,448,2000
Pavia,459.628,2001
Pavia,457.653,2002
Pavia,450.543,2003
Pavia,422.553,2004
Pavia,459.394,2005
Pavia,477,2006
Pavia,458,2007
Pavia,485,2008
Pavia,536.868,2009
Pavia,491.423,2010
Pavia,471.512,2011
Pavia,501.304,2012
Pavia,513.031,2013
Pavia,527.305,2014
Pavia,484.596,2015
Pavia,435.655,2016
Pavia,450,2017
Pavia,475.539,2018
Pavia,489.679,2019
Pavia,496.65,2020
Pavia,477.174,2021
Pavia,495.888,2022
Pavia,544.274,2023
Perugia,464,1990
Perugia,424.921,1991
Perugia,430.111,1992
Perugia,437.333,1993
Perugia,420.167,1994
Perugia,427,1995
Perugia,461.119,1996
Perugia,448.694,1997
Perugia,444.103,1998
Perugia,400,1999
Perugia,452,2000
Perugia,467.417,2001
Perugia,470.647,2002
Perugia,462.075,2003
Perugia,405.3,2004
Perugia,486.408,2005
Perugia,513,2006
Perugia,487,2007
Perugia,500,2008
Perugia,556.514,2009
Perugia,513.081,2010
Perugia,521.085,2011
Perugia,529.939,2012
Perugia,533.788,2013
Perugia,561.578,2014
Perugia,504.262,2015
Perugia,477.399,2016
Perugia,480,2017
Perugia,489.318,2018
Perugia,518.056,2019
Perugia,519.831,2020
Perugia,487.437,2021
Perugia,530.7,2022
Perugia,537.308,2023
Pesaro,451,1990
Pesaro e Urbino,475.508,1991
Pesaro e Urbino,457.222,1992
Pesaro e Urbino,440.861,1993
Pesaro e Urbino,442.806,1994
Pesaro e Urbino,451.722,1995
Pesaro e Urbino,496.444,1996
Pesaro e Urbino,449.25,1997
Pesaro e Urbino,504.556,1998
Pesaro e Urbino,429,1999
Pesaro e Urbino,466,2000
Pesaro e Urbino,493.067,2001
Pesaro e Urbino,493.539,2002
Pesaro e Urbino,479.943,2003
Pesaro e Urbino,434.406,2004
Pesaro e Urbino,487.609,2005
Pesaro e Urbino,514,2006
Pesaro e Urbino,489,2007
Pesaro e Urbino,521,2008
Pesaro e Urbino,564.626,2009
Pesaro e Urbino,531.912,2010
Pesaro e Urbino,521.285,2011
Pesaro e Urbino,553.196,2012
Pesaro e Urbino,564.903,2013
Pesaro e Urbino,554.173,2014
Pesaro e Urbino,527.675,2015
Pesaro e Urbino,481.574,2016
Pesaro e Urbino,495,2017
Pesaro e Urbino,508.453,2018
Pesaro e Urbino,499.71,2019
Pesaro e Urbino,530.864,2020
Pesaro e Urbino,485.736,2021
Pesaro e Urbino,548.614,2022
Pesaro e Urbino,565.346,2023
Pescara,461,1990
Pescara,464.352,1991
Pescara,435.028,1992
Pescara,447.956,1993
Pescara,407.472,1994
Pescara,419.178,1995
Pescara,435.381,1996
Pescara,417.833,1997
Pescara,435.222,1998
Pescara,412,1999
Pescara,452,2000
Pescara,453.289,2001
Pescara,480.536,2002
Pescara,467.301,2003
Pescara,410.334,2004
Pescara,431.813,2005
Pescara,458,2006
Pescara,446,2007
Pescara,480,2008
Pescara,534.589,2009
Pescara,464.304,2010
Pescara,452.886,2011
Pescara,482.644,2012
Pescara,468.254,2013
Pescara,470.47,2014
Pescara,461.205,2015
Pescara,422.387,2016
Pescara,461,2017
Pescara,470.877,2018
Pescara,506.031,2019
Pescara,518.176,2020
Pescara,490.757,2021
Pescara,523.725,2022
Pescara,545.156,2023
Piacenza,456,1990
Piacenza,454.665,1991
Piacenza,448.917,1992
Piacenza,502.25,1993
Piacenza,476.617,1994
Piacenza,467.556,1995
Piacenza,501.833,1996
Piacenza,449.056,1997
Piacenza,551.405,1998
Piacenza,467,1999
Piacenza,467,2000
Piacenza,497.089,2001
Piacenza,474.917,2002
Piacenza,474.839,2003
Piacenza,457.309,2004
Piacenza,497.824,2005
Piacenza,536,2006
Piacenza,500,2007
Piacenza,563,2008
Piacenza,591.995,2009
Piacenza,550.669,2010
Piacenza,544.81,2011
Piacenza,574.539,2012
Piacenza,570.133,2013
Piacenza,566.892,2014
Piacenza,524.781,2015
Piacenza,474.853,2016
Piacenza,495,2017
Piacenza,509.551,2018
Piacenza,505.687,2019
Piacenza,527.81,2020
Piacenza,501.787,2021
Piacenza,549.53,2022
Piacenza,563.816,2023
Pisa,489,1990
Pisa,462.14,1991
Pisa,438.056,1992
Pisa,446,1993
Pisa,439.694,1994
Pisa,400.189,1995
Pisa,464.988,1996
Pisa,422.694,1997
Pisa,439.75,1998
Pisa,422,1999
Pisa,470,2000
Pisa,493.394,2001
Pisa,493.756,2002
Pisa,492.67,2003
Pisa,448.911,2004
Pisa,495.177,2005
Pisa,508,2006
Pisa,485,2007
Pisa,506,2008
Pisa,551.495,2009
Pisa,517.29,2010
Pisa,510.34,2011
Pisa,541.921,2012
Pisa,554.929,2013
Pisa,560.287,2014
Pisa,539.693,2015
Pisa,491.675,2016
Pisa,480,2017
Pisa,494.659,2018
Pisa,513.136,2019
Pisa,519.222,2020
Pisa,514.843,2021
Pisa,567.932,2022
Pisa,569.399,2023
Pistoia,446,1990
Pistoia,440.088,1991
Pistoia,436.944,1992
Pistoia,462.083,1993
Pistoia,455.361,1994
Pistoia,423.167,1995
Pistoia,465.024,1996
Pistoia,420.472,1997
Pistoia,440.635,1998
Pistoia,401,1999
Pistoia,468,2000
Pistoia,484.167,2001
Pistoia,479.178,2002
Pistoia,456.934,2003
Pistoia,389.689,2004
Pistoia,452.286,2005
Pistoia,479,2006
Pistoia,462,2007
Pistoia,463,2008
Pistoia,520.697,2009
Pistoia,481.215,2010
Pistoia,487.466,2011
Pistoia,513.844,2012
Pistoia,502.341,2013
Pistoia,536.34,2014
Pistoia,504.527,2015
Pistoia,451.985,2016
Pistoia,444,2017
Pistoia,468.142,2018
Pistoia,490.656,2019
Pistoia,474.856,2020
Pistoia,450.502,2021
Pistoia,495.009,2022
Pistoia,508.643,2023
Pordenone,474,1990
Pordenone,429.691,1991
Pordenone,416.528,1992
Pordenone,437.139,1993
Pordenone,412.694,1994
Pordenone,419.322,1995
Pordenone,475.405,1996
Pordenone,409.472,1997
Pordenone,453.001,1998
Pordenone,417,1999
Pordenone,483,2000
Pordenone,488.256,2001
Pordenone,492.439,2002
Pordenone,478.09,2003
Pordenone,448.352,2004
Pordenone,508.189,2005
Pordenone,520,2006
Pordenone,497,2007
Pordenone,502,2008
Pordenone,549.685,2009
Pordenone,517.215,2010
Pordenone,525.222,2011
Pordenone,541.098,2012
Pordenone,568.938,2013
Pordenone,557.278,2014
Pordenone,498.201,2015
Pordenone,509.553,2016
Pordenone,523,2017
Pordenone,550.025,2018
Pordenone,543.602,2019
Pordenone,546.334,2020
Pordenone,542.887,2021
Pordenone,548.399,2022
Pordenone,579.912,2023
Potenza,403,1990
Potenza,406.512,1991
Potenza,406.133,1992
Potenza,410.222,1993
Potenza,392.928,1994
Potenza,403.25,1995
Potenza,414.936,1996
Potenza,356.056,1997
Potenza,455.179,1998
Potenza,379,1999
Potenza,443,2000
Potenza,463.633,2001
Potenza,454.472,2002
Potenza,471.318,2003
Potenza,414.215,2004
Potenza,455.306,2005
Potenza,489,2006
Potenza,440,2007
Potenza,483,2008
Potenza,530.195,2009
Potenza,469.59,2010
Potenza,442.746,2011
Potenza,451.075,2012
Potenza,489.376,2013
Potenza,484.121,2014
Potenza,477.037,2015
Potenza,422.48,2016
Potenza,460,2017
Potenza,420.311,2018
Potenza,463.005,2019
Potenza,494.791,2020
Potenza,421.896,2021
Potenza,432.271,2022
Potenza,460.208,2023
Prato,432.528,1996
Prato,413.222,1997
Prato,423.7,1998
Prato,423,1999
Prato,465,2000
Prato,494.339,2001
Prato,476.333,2002
Prato,497.479,2003
Prato,440.424,2004
Prato,507.514,2005
Prato,509,2006
Prato,506,2007
Prato,464,2008
Prato,524.901,2009
Prato,492.302,2010
Prato,505.756,2011
Prato,536.187,2012
Prato,534.089,2013
Prato,555.057,2014
Prato,518.337,2015
Prato,468.156,2016
Prato,492,2017
Prato,494.178,2018
Prato,525.879,2019
Prato,526.056,2020
Prato,486.087,2021
Prato,522.978,2022
Prato,554.318,2023
Ragusa,384,1990
Ragusa,385.582,1991
Ragusa,416.561,1992
Ragusa,421.061,1993
Ragusa,394.567,1994
Ragusa,392.828,1995
Ragusa,411.25,1996
Ragusa,368.272,1997
Ragusa,424.176,1998
Ragusa,370,1999
Ragusa,417,2000
Ragusa,423.628,2001
Ragusa,406.331,2002
Ragusa,436.177,2003
Ragusa,381.57,2004
Ragusa,418.413,2005
Ragusa,432,2006
Ragusa,419,2007
Ragusa,419,2008
Ragusa,497.846,2009
Ragusa,425.878,2010
Ragusa,414.616,2011
Ragusa,446.706,2012
Ragusa,462.641,2013
Ragusa,490.663,2014
Ragusa,466.52,2015
Ragusa,408.29,2016
Ragusa,429,2017
Ragusa,442.678,2018
Ragusa,449.505,2019
Ragusa,434.647,2020
Ragusa,420.1,2021
Ragusa,442.052,2022
Ragusa,456.969,2023
Ravenna,528,1990
Ravenna,426.075,1991
Ravenna,435.667,1992
Ravenna,444.722,1993
Ravenna,448.794,1994
Ravenna,423.25,1995
Ravenna,475.131,1996
Ravenna,424.917,1997
Ravenna,474.968,1998
Ravenna,434,1999
Ravenna,478,2000
Ravenna,506.333,2001
Ravenna,508.989,2002
Ravenna,497.49,2003
Ravenna,463.36,2004
Ravenna,553.406,2005
Ravenna,554,2006
Ravenna,529,2007
Ravenna,552,2008
Ravenna,588.642,2009
Ravenna,553.432,2010
Ravenna,571.635,2011
Ravenna,581.27,2012
Ravenna,588.284,2013
Ravenna,600.025,2014
Ravenna,555.149,2015
Ravenna,519.294,2016
Ravenna,506,2017
Ravenna,547.192,2018
Ravenna,517.363,2019
Ravenna,529.874,2020
Ravenna,511.36,2021
Ravenna,540.139,2022
Ravenna,547.169,2023
Reggio Calabria,355,1990
Reggio Calabria,381.481,1991
Reggio Calabria,362.061,1992
Reggio Calabria,368.5,1993
Reggio Calabria,372.889,1994
Reggio Calabria,356.639,1995
Reggio Calabria,391.436,1996
Reggio Calabria,343.583,1997
Reggio Calabria,382.016,1998
Reggio Calabria,311,1999
Reggio Calabria,412,2000
Reggio Calabria,416.933,2001
Reggio Calabria,426.339,2002
Reggio Calabria,399.177,2003
Reggio Calabria,351.036,2004
Reggio Calabria,411.884,2005
Reggio Calabria,409,2006
Reggio Calabria,395,2007
Reggio Calabria,416,2008
Reggio Calabria,490.904,2009
Reggio Calabria,405.847,2010
Reggio Calabria,397.552,2011
Reggio Calabria,423.742,2012
Reggio Calabria,427.427,2013
Reggio Calabria,428.979,2014
Reggio Calabria,392.216,2015
Reggio Calabria,370.126,2016
Reggio Calabria,388,2017
Reggio Calabria,387.693,2018
Reggio Calabria,442.07,2019
Reggio Calabria,444.802,2020
Reggio Calabria,392.073,2021
Reggio Calabria,407.416,2022
Reggio Calabria,428.354,2023
Reggio Emilia,506,1990
Reggio Emilia,459.179,1991
Reggio Emilia,454.417,1992
Reggio Emilia,493,1993
Reggio Emilia,504.589,1994
Reggio Emilia,469.333,1995
Reggio Emilia,535.48,1996
Reggio Emilia,446,1997
Reggio Emilia,499.43,1998
Reggio Emilia,466,1999
Reggio Emilia,496,2000
Reggio Emilia,502.922,2001
Reggio Emilia,497.244,2002
Reggio Emilia,509.929,2003
Reggio Emilia,461.32,2004
Reggio Emilia,540.151,2005
Reggio Emilia,541,2006
Reggio Emilia,505,2007
Reggio Emilia,532,2008
Reggio Emilia,566.438,2009
Reggio Emilia,530.113,2010
Reggio Emilia,548.841,2011
Reggio Emilia,575.969,2012
Reggio Emilia,575.211,2013
Reggio Emilia,591.198,2014
Reggio Emilia,534.643,2015
Reggio Emilia,496.034,2016
Reggio Emilia,518,2017
Reggio Emilia,538.518,2018
Reggio Emilia,532.257,2019
Reggio Emilia,531.628,2020
Reggio Emilia,519.674,2021
Reggio Emilia,561.616,2022
Reggio Emilia,575.979,2023
Rieti,466,1990
Rieti,434.542,1991
Rieti,449.333,1992
Rieti,466.5,1993
Rieti,422.017,1994
Rieti,415.194,1995
Rieti,459.508,1996
Rieti,384.389,1997
Rieti,454.686,1998
Rieti,376,1999
Rieti,419,2000
Rieti,447.628,2001
Rieti,484.542,2002
Rieti,480.44,2003
Rieti,427.841,2004
Rieti,467.199,2005
Rieti,468,2006
Rieti,472,2007
Rieti,502,2008
Rieti,554.388,2009
Rieti,496.302,2010
Rieti,452.458,2011
Rieti,472.811,2012
Rieti,499.244,2013
Rieti,485.029,2014
Rieti,457.274,2015
Rieti,433.997,2016
Rieti,443,2017
Rieti,428.038,2018
Rieti,444.411,2019
Rieti,472.286,2020
Rieti,446.701,2021
Rieti,488.207,2022
Rieti,491.903,2023
Rimini,498.052,1996
Rimini,407.836,1997
Rimini,472.147,1998
Rimini,433,1999
Rimini,509,2000
Rimini,532.183,2001
Rimini,499.331,2002
Rimini,486.212,2003
Rimini,448.474,2004
Rimini,531.279,2005
Rimini,543,2006
Rimini,519,2007
Rimini,511,2008
Rimini,591.847,2009
Rimini,551.616,2010
Rimini,556.148,2011
Rimini,589.283,2012
Rimini,558.799,2013
Rimini,557.204,2014
Rimini,539.151,2015
Rimini,490.333,2016
Rimini,502,2017
Rimini,537.839,2018
Rimini,538.813,2019
Rimini,520.09,2020
Rimini,497.522,2021
Rimini,522.663,2022
Rimini,533.131,2023
Roma,413,1990
Roma,413.79,1991
Roma,432.278,1992
Roma,449.111,1993
Roma,444.833,1994
Roma,408.417,1995
Roma,451.401,1996
Roma,414.972,1997
Roma,433.452,1998
Roma,401,1999
Roma,487,2000
Roma,490.55,2001
Roma,506.325,2002
Roma,521.844,2003
Roma,480.899,2004
Roma,518.975,2005
Roma,528,2006
Roma,542,2007
Roma,521,2008
Roma,574.274,2009
Roma,526.011,2010
Roma,534.192,2011
Roma,557.305,2012
Roma,566.784,2013
Roma,578.674,2014
Roma,546.971,2015
Roma,518.08,2016
Roma,505,2017
Roma,536.31,2018
Roma,537.231,2019
Roma,521.799,2020
Roma,529.673,2021
Roma,538.328,2022
Roma,547,2023
Rovigo,470,1990
Rovigo,432.121,1991
Rovigo,444.994,1992
Rovigo,441.344,1993
Rovigo,422.972,1994
Rovigo,404.083,1995
Rovigo,458.099,1996
Rovigo,425.5,1997
Rovigo,462.504,1998
Rovigo,407,1999
Rovigo,453,2000
Rovigo,464.317,2001
Rovigo,457.381,2002
Rovigo,440.507,2003
Rovigo,394.961,2004
Rovigo,456.162,2005
Rovigo,466,2006
Rovigo,459,2007
Rovigo,495,2008
Rovigo,548.55,2009
Rovigo,504.845,2010
Rovigo,467.763,2011
Rovigo,511.799,2012
Rovigo,513.853,2013
Rovigo,537.514,2014
Rovigo,484.671,2015
Rovigo,442.38,2016
Rovigo,460,2017
Rovigo,489.905,2018
Rovigo,468.795,2019
Rovigo,501.813,2020
Rovigo,475.486,2021
Rovigo,460.632,2022
Rovigo,497.467,2023
Salerno,378,1990
Salerno,340.444,1991
Salerno,359.828,1992
Salerno,352.433,1993
Salerno,362.272,1994
Salerno,349.328,1995
Salerno,395.444,1996
Salerno,348.122,1997
Salerno,381.96,1998
Salerno,348,1999
Salerno,407,2000
Salerno,403.344,2001
Salerno,441.806,2002
Salerno,415.489,2003
Salerno,355.462,2004
Salerno,427.22,2005
Salerno,431,2006
Salerno,404,2007
Salerno,420,2008
Salerno,485.831,2009
Salerno,419.802,2010
Salerno,396.902,2011
Salerno,418.08,2012
Salerno,444.062,2013
Salerno,450.821,2014
Salerno,436.438,2015
Salerno,380.669,2016
Salerno,392,2017
Salerno,408.512,2018
Salerno,445.108,2019
Salerno,448.169,2020
Salerno,418.098,2021
Salerno,427.137,2022
Salerno,451.432,2023
Sassari,429,1990
Sassari,390.976,1991
Sassari,388.556,1992
Sassari,384.361,1993
Sassari,378.067,1994
Sassari,373.75,1995
Sassari,410.357,1996
Sassari,380.528,1997
Sassari,402.556,1998
Sassari,410,1999
Sassari,431,2000
Sassari,427.422,2001
Sassari,460.253,2002
Sassari,453.081,2003
Sassari,414.635,2004
Sassari,449.964,2005
Sassari,465,2006
Sassari,464,2007
Sassari,481,2008
Sassari,517.133,2009
Sassari,517.408,2010
Sassari,482.224,2011
Sassari,486.995,2012
Sassari,528.545,2013
Sassari,546.034,2014
Sassari,488.698,2015
Sassari,449.974,2016
Sassari,424,2017
Sassari,433.4,2018
Sassari,490.951,2019
Sassari,503.834,2020
Sassari,461.503,2021
Sassari,486.547,2022
Sassari,482.133,2023
Savona,433,1990
Savona,424.787,1991
Savona,435.833,1992
Savona,447.694,1993
Savona,409.606,1994
Savona,403.778,1995
Savona,440.421,1996
Savona,400.861,1997
Savona,461.23,1998
Savona,408,1999
Savona,448,2000
Savona,481.15,2001
Savona,484.686,2002
Savona,481.441,2003
Savona,448.519,2004
Savona,499.782,2005
Savona,525,2006
Savona,489,2007
Savona,505,2008
Savona,561.981,2009
Savona,507.441,2010
Savona,495.525,2011
Savona,550.982,2012
Savona,538.349,2013
Savona,552.784,2014
Savona,527.521,2015
Savona,498.573,2016
Savona,468,2017
Savona,498.147,2018
Savona,466.113,2019
Savona,515.634,2020
Savona,497.33,2021
Savona,516.297,2022
Savona,518.402,2023
Siena,480,1990
Siena,456.511,1991
Siena,471.917,1992
Siena,487.444,1993
Siena,458.444,1994
Siena,475.778,1995
Siena,508.663,1996
Siena,468.1,1997
Siena,494.405,1998
Siena,450,1999
Siena,505,2000
Siena,523.028,2001
Siena,536.278,2002
Siena,519.539,2003
Siena,494.94,2004
Siena,538.933,2005
Siena,589,2006
Siena,543,2007
Siena,588,2008
Siena,593.432,2009
Siena,578.658,2010
Siena,563.046,2011
Siena,615.851,2012
Siena,591.176,2013
Siena,580.874,2014
Siena,555.422,2015
Siena,519.446,2016
Siena,538,2017
Siena,529.633,2018
Siena,520.256,2019
Siena,540.61,2020
Siena,525.863,2021
Siena,578.518,2022
Siena,556.951,2023
Siracusa,371,1990
Siracusa,369.536,1991
Siracusa,405.75,1992
Siracusa,386.817,1993
Siracusa,398.583,1994
Siracusa,369.028,1995
Siracusa,380.532,1996
Siracusa,373.85,1997
Siracusa,372.833,1998
Siracusa,363,1999
Siracusa,402,2000
Siracusa,420.172,2001
Siracusa,404.106,2002
Siracusa,412.543,2003
Siracusa,380.138,2004
Siracusa,428.323,2005
Siracusa,402,2006
Siracusa,411,2007
Siracusa,396,2008
Siracusa,484.222,2009
Siracusa,418.121,2010
Siracusa,426.398,2011
Siracusa,438.319,2012
Siracusa,450.49,2013
Siracusa,472.377,2014
Siracusa,443.291,2015
Siracusa,390.656,2016
Siracusa,416,2017
Siracusa,421.221,2018
Siracusa,442.403,2019
Siracusa,420.864,2020
Siracusa,399.692,2021
Siracusa,434.411,2022
Siracusa,415.398,2023
Sondrio,495,1990
Sondrio,478.926,1991
Sondrio,406.556,1992
Sondrio,452.917,1993
Sondrio,451.75,1994
Sondrio,473.472,1995
Sondrio,538.4,1996
Sondrio,452.194,1997
Sondrio,526.7,1998
Sondrio,438,1999
Sondrio,527,2000
Sondrio,560.278,2001
Sondrio,563.061,2002
Sondrio,516.916,2003
Sondrio,481.161,2004
Sondrio,538.508,2005
Sondrio,537,2006
Sondrio,547,2007
Sondrio,592,2008
Sondrio,609.432,2009
Sondrio,613.588,2010
Sondrio,561.089,2011
Sondrio,560.205,2012
Sondrio,582.468,2013
Sondrio,578.161,2014
Sondrio,563.165,2015
Sondrio,552.518,2016
Sondrio,574,2017
Sondrio,542.121,2018
Sondrio,503.435,2019
Sondrio,529.423,2020
Sondrio,510.311,2021
Sondrio,559.714,2022
Sondrio,557.211,2023
Sud Sardegna,417.401,2018
Sud Sardegna,460.165,2019
Sud Sardegna,458.013,2020
Sud Sardegna,440.051,2021
Sud Sardegna,439.782,2022
Sud Sardegna,444.705,2023
Taranto,349,1990
Taranto,355.084,1991
Taranto,353.072,1992
Taranto,386.083,1993
Taranto,356.472,1994
Taranto,354.889,1995
Taranto,383.107,1996
Taranto,358.861,1997
Taranto,390.317,1998
Taranto,345,1999
Taranto,437,2000
Taranto,403.972,2001
Taranto,394.164,2002
Taranto,392.603,2003
Taranto,348.378,2004
Taranto,400.242,2005
Taranto,395,2006
Taranto,393,2007
Taranto,403,2008
Taranto,464.78,2009
Taranto,409.154,2010
Taranto,388.957,2011
Taranto,390.693,2012
Taranto,427.748,2013
Taranto,434.463,2014
Taranto,415.466,2015
Taranto,373.823,2016
Taranto,386,2017
Taranto,386.441,2018
Taranto,442.016,2019
Taranto,444.116,2020
Taranto,396.957,2021
Taranto,411.329,2022
Taranto,434.775,2023
Teramo,412,1990
Teramo,417.956,1991
Teramo,406.978,1992
Teramo,426.767,1993
Teramo,402.278,1994
Teramo,409.139,1995
Teramo,435.77,1996
Teramo,390.194,1997
Teramo,429.004,1998
Teramo,382,1999
Teramo,444,2000
Teramo,457.228,2001
Teramo,475.722,2002
Teramo,478.821,2003
Teramo,418.664,2004
Teramo,446.534,2005
Teramo,481,2006
Teramo,459,2007
Teramo,479,2008
Teramo,545.531,2009
Teramo,479.866,2010
Teramo,462.223,2011
Teramo,502.633,2012
Teramo,500.008,2013
Teramo,508.152,2014
Teramo,484.547,2015
Teramo,432.959,2016
Teramo,467,2017
Teramo,495.164,2018
Teramo,492.595,2019
Teramo,478.97,2020
Teramo,456.002,2021
Teramo,488.08,2022
Teramo,520.825,2023
Terni,402,1990
Terni,437.606,1991
Terni,433.811,1992
Terni,427.583,1993
Terni,427.944,1994
Terni,417.389,1995
Terni,445.587,1996
Terni,406.694,1997
Terni,440.091,1998
Terni,407,1999
Terni,459,2000
Terni,462.378,2001
Terni,472.358,2002
Terni,464.213,2003
Terni,418.604,2004
Terni,483.541,2005
Terni,511,2006
Terni,478,2007
Terni,507,2008
Terni,552.207,2009
Terni,506.779,2010
Terni,507.489,2011
Terni,524.598,2012
Terni,546.778,2013
Terni,525.173,2014
Terni,489.817,2015
Terni,443.466,2016
Terni,468,2017
Terni,460.314,2018
Terni,483.384,2019
Terni,519.277,2020
Terni,493.284,2021
Terni,513.736,2022
Terni,513.131,2023
Torino,404,1990
Torino,420.804,1991
Torino,418.278,1992
Torino,436.278,1993
Torino,417.806,1994
Torino,396.806,1995
Torino,443.877,1996
Torino,407.472,1997
Torino,412.972,1998
Torino,420,1999
Torino,475,2000
Torino,468,2001
Torino,468.767,2002
Torino,479.958,2003
Torino,443.497,2004
Torino,478.388,2005
Torino,486,2006
Torino,476,2007
Torino,486,2008
Torino,533.198,2009
Torino,507.658,2010
Torino,503.073,2011
Torino,529.145,2012
Torino,532.355,2013
Torino,535.851,2014
Torino,505.217,2015
Torino,490.04,2016
Torino,490,2017
Torino,511.989,2018
Torino,520.994,2019
Torino,529.987,2020
Torino,509.062,2021
Torino,530.804,2022
Torino,546.548,2023
Trapani,340,1990
Trapani,382.168,1991
Trapani,392.022,1992
Trapani,399.15,1993
Trapani,359.444,1994
Trapani,345.806,1995
Trapani,388.865,1996
Trapani,359.083,1997
Trapani,412.893,1998
Trapani,351,1999
Trapani,415,2000
Trapani,409.822,2001
Trapani,402.378,2002
Trapani,408.174,2003
Trapani,369.031,2004
Trapani,398.704,2005
Trapani,402,2006
Trapani,403,2007
Trapani,393,2008
Trapani,469.103,2009
Trapani,404.796,2010
Trapani,386.353,2011
Trapani,411.423,2012
Trapani,434.935,2013
Trapani,450.877,2014
Trapani,429.077,2015
Trapani,396.369,2016
Trapani,402,2017
Trapani,413.597,2018
Trapani,422.017,2019
Trapani,428.582,2020
Trapani,376.418,2021
Trapani,433.088,2022
Trapani,432.721,2023
Trento,523,1990
Trento,449.544,1991
Trento,464.639,1992
Trento,455.528,1993
Trento,446.222,1994
Trento,431.194,1995
Trento,498.302,1996
Trento,438.917,1997
Trento,476.794,1998
Trento,422,1999
Trento,498,2000
Trento,529.589,2001
Trento,550.469,2002
Trento,514.054,2003
Trento,504.272,2004
Trento,542.988,2005
Trento,573,2006
Trento,566,2007
Trento,595,2008
Trento,605.95,2009
Trento,635.66,2010
Trento,567.563,2011
Trento,603.745,2012
Trento,623.379,2013
Trento,597.881,2014
Trento,568.102,2015
Trento,561.415,2016
Trento,567,2017
Trento,574.793,2018
Trento,582.281,2019
Trento,557.119,2020
Trento,564.583,2021
Trento,576.623,2022
Trento,597.086,2023
Treviso,452,1990
Treviso,410.813,1991
Treviso,410.306,1992
Treviso,409.611,1993
Treviso,412.75,1994
Treviso,389.667,1995
Treviso,449.786,1996
Treviso,395.722,1997
Treviso,434.222,1998
Treviso,426,1999
Treviso,476,2000
Treviso,479.217,2001
Treviso,504.447,2002
Treviso,504.548,2003
Treviso,472.746,2004
Treviso,510.484,2005
Treviso,523,2006
Treviso,501,2007
Treviso,516,2008
Treviso,568.546,2009
Treviso,521.322,2010
Treviso,542.698,2011
Treviso,556.201,2012
Treviso,559.054,2013
Treviso,566.281,2014
Treviso,514.579,2015
Treviso,488.245,2016
Treviso,509,2017
Treviso,549.894,2018
Treviso,556.125,2019
Treviso,526.044,2020
Treviso,536.177,2021
Treviso,549.8,2022
Treviso,570.389,2023
Trieste,511,1990
Trieste,490.183,1991
Trieste,488.667,1992
Trieste,471.306,1993
Trieste,486.222,1994
Trieste,436.917,1995
Trieste,485.02,1996
Trieste,426.556,1997
Trieste,465.952,1998
Trieste,442,1999
Trieste,524,2000
Trieste,548.144,2001
Trieste,522.7,2002
Trieste,503.082,2003
Trieste,496.237,2004
Trieste,570.45,2005
Trieste,582,2006
Trieste,539,2007
Trieste,591,2008
Trieste,641.492,2009
Trieste,598.511,2010
Trieste,572.26,2011
Trieste,586.478,2012
Trieste,580.189,2013
Trieste,560.517,2014
Trieste,525.924,2015
Trieste,529.484,2016
Trieste,563,2017
Trieste,560.197,2018
Trieste,565.683,2019
Trieste,554.13,2020
Trieste,580.893,2021
Trieste,574.35,2022
Trieste,581.995,2023
Udine,468,1990
Udine,423.247,1991
Udine,433.05,1992
Udine,409.833,1993
Udine,409.25,1994
Udine,394.139,1995
Udine,462.738,1996
Udine,422.361,1997
Udine,442.198,1998
Udine,415,1999
Udine,486,2000
Udine,504.356,2001
Udine,498.289,2002
Udine,504.031,2003
Udine,484.957,2004
Udine,523.871,2005
Udine,541,2006
Udine,535,2007
Udine,540,2008
Udine,582.519,2009
Udine,553.396,2010
Udine,541.681,2011
Udine,564.448,2012
Udine,558.074,2013
Udine,568.661,2014
Udine,543.808,2015
Udine,534.29,2016
Udine,542,2017
Udine,535.07,2018
Udine,541.222,2019
Udine,551.313,2020
Udine,536.83,2021
Udine,561.948,2022
Udine,605.684,2023
Varese,434,1990
Varese,416.091,1991
Varese,442.583,1992
Varese,412.306,1993
Varese,403.694,1994
Varese,390.611,1995
Varese,434.032,1996
Varese,388.083,1997
Varese,419.607,1998
Varese,397,1999
Varese,462,2000
Varese,468.567,2001
Varese,471.347,2002
Varese,476.382,2003
Varese,441.925,2004
Varese,486.631,2005
Varese,487,2006
Varese,489,2007
Varese,522,2008
Varese,547.183,2009
Varese,509.218,2010
Varese,515.305,2011
Varese,499.422,2012
Varese,535.316,2013
Varese,534.482,2014
Varese,517.054,2015
Varese,469.003,2016
Varese,472,2017
Varese,502.701,2018
Varese,524.206,2019
Varese,500.976,2020
Varese,504.551,2021
Varese,529.087,2022
Varese,548.445,2023
Venezia,408,1990
Venezia,402.596,1991
Venezia,377.778,1992
Venezia,413.25,1993
Venezia,418.556,1994
Venezia,375.5,1995
Venezia,444.496,1996
Venezia,423.528,1997
Venezia,448.222,1998
Venezia,387,1999
Venezia,451,2000
Venezia,480.272,2001
Venezia,475.217,2002
Venezia,473.949,2003
Venezia,440.104,2004
Venezia,477.817,2005
Venezia,490,2006
Venezia,489,2007
Venezia,512,2008
Venezia,554.317,2009
Venezia,515.2,2010
Venezia,514.493,2011
Venezia,531.333,2012
Venezia,527.167,2013
Venezia,520.246,2014
Venezia,515.895,2015
Venezia,486.345,2016
Venezia,488,2017
Venezia,515.885,2018
Venezia,555.344,2019
Venezia,521.733,2020
Venezia,524.516,2021
Venezia,551.98,2022
Venezia,549.108,2023
Verbano-Cusio-Ossola,491.074,1996
Verbano-Cusio-Ossola,418.792,1997
Verbano-Cusio-Ossola,518.517,1998
Verbano-Cusio-Ossola,444,1999
Verbano-Cusio-Ossola,492,2000
Verbano-Cusio-Ossola,499.389,2001
Verbano-Cusio-Ossola,502.053,2002
Verbano-Cusio-Ossola,471.469,2003
Verbano-Cusio-Ossola,438.68,2004
Verbano-Cusio-Ossola,483.662,2005
Verbano-Cusio-Ossola,491,2006
Verbano-Cusio-Ossola,498,2007
Verbano-Cusio-Ossola,524,2008
Verbano-Cusio-Ossola,560.216,2009
Verbano-Cusio-Ossola,538.11,2010
Verbano-Cusio-Ossola,512.096,2011
Verbano-Cusio-Ossola,532.892,2012
Verbano-Cusio-Ossola,529.587,2013
Verbano-Cusio-Ossola,551.141,2014
Verbano-Cusio-Ossola,524.422,2015
Verbano-Cusio-Ossola,512.619,2016
Verbano-Cusio-Ossola,548,2017
Verbano-Cusio-Ossola,501.302,2018
Verbano-Cusio-Ossola,473.325,2019
Verbano-Cusio-Ossola,512.835,2020
Verbano-Cusio-Ossola,490.658,2021
Verbano-Cusio-Ossola,521.146,2022
Verbano-Cusio-Ossola,529.297,2023
Vercelli,484,1990
Vercelli,451.98,1991
Vercelli,435.144,1992
Vercelli,476.439,1993
Vercelli,465.972,1994
Vercelli,432.278,1995
Vercelli,485.936,1996
Vercelli,435.889,1997
Vercelli,467.048,1998
Vercelli,457,1999
Vercelli,458,2000
Vercelli,460.122,2001
Vercelli,480.933,2002
Vercelli,486.271,2003
Vercelli,458.018,2004
Vercelli,490.565,2005
Vercelli,497,2006
Vercelli,463,2007
Vercelli,508,2008
Vercelli,560.209,2009
Vercelli,510.091,2010
Vercelli,485.494,2011
Vercelli,506.675,2012
Vercelli,526.566,2013
Vercelli,526.972,2014
Vercelli,505.837,2015
Vercelli,475.869,2016
Vercelli,486,2017
Vercelli,502.448,2018
Vercelli,487.629,2019
Vercelli,511.286,2020
Vercelli,491.761,2021
Vercelli,509.922,2022
Vercelli,525.729,2023
Verona,504,1990
Verona,445.203,1991
Verona,445.778,1992
Verona,460.339,1993
Verona,438.439,1994
Verona,421,1995
Verona,494.619,1996
Verona,459.028,1997
Verona,470.857,1998
Verona,437,1999
Verona,489,2000
Verona,494.172,2001
Verona,504.972,2002
Verona,505.741,2003
Verona,454.528,2004
Verona,486.477,2005
Verona,516,2006
Verona,492,2007
Verona,505,2008
Verona,549.654,2009
Verona,517.566,2010
Verona,532.798,2011
Verona,564.514,2012
Verona,552.869,2013
Verona,556.328,2014
Verona,528.431,2015
Verona,501.972,2016
Verona,503,2017
Verona,545.55,2018
Verona,561.128,2019
Verona,556.668,2020
Verona,540.666,2021
Verona,559.178,2022
Verona,583.118,2023
Vibo Valentia,388.389,1996
Vibo Valentia,324.322,1997
Vibo Valentia,372.419,1998
Vibo Valentia,339,1999
Vibo Valentia,383,2000
Vibo Valentia,431.328,2001
Vibo Valentia,423.603,2002
Vibo Valentia,427.844,2003
Vibo Valentia,369.512,2004
Vibo Valentia,388.697,2005
Vibo Valentia,430,2006
Vibo Valentia,398,2007
Vibo Valentia,425,2008
Vibo Valentia,482.83,2009
Vibo Valentia,424.968,2010
Vibo Valentia,404.229,2011
Vibo Valentia,411.511,2012
Vibo Valentia,431.891,2013
Vibo Valentia,446.442,2014
Vibo Valentia,413.785,2015
Vibo Valentia,359.969,2016
Vibo Valentia,403,2017
Vibo Valentia,382.719,2018
Vibo Valentia,419.392,2019
Vibo Valentia,424.29,2020
Vibo Valentia,382.156,2021
Vibo Valentia,405.885,2022
Vibo Valentia,436.023,2023
Vicenza,473,1990
Vicenza,443.513,1991
Vicenza,440.3,1992
Vicenza,451.35,1993
Vicenza,428.361,1994
Vicenza,403.972,1995
Vicenza,487.429,1996
Vicenza,425.944,1997
Vicenza,421.393,1998
Vicenza,425,1999
Vicenza,489,2000
Vicenza,498.878,2001
Vicenza,505.333,2002
Vicenza,508.831,2003
Vicenza,449.883,2004
Vicenza,510.956,2005
Vicenza,497,2006
Vicenza,498,2007
Vicenza,508,2008
Vicenza,545.046,2009
Vicenza,514.448,2010
Vicenza,536.263,2011
Vicenza,547.203,2012
Vicenza,548.776,2013
Vicenza,558.862,2014
Vicenza,525.586,2015
Vicenza,496.287,2016
Vicenza,501,2017
Vicenza,539.331,2018
Vicenza,545.69,2019
Vicenza,527.536,2020
Vicenza,510.731,2021
Vicenza,530.992,2022
Vicenza,568.68,2023
Viterbo,459,1990
Viterbo,444.333,1991
Viterbo,464.639,1992
Viterbo,394.333,1993
Viterbo,403.028,1994
Viterbo,388.722,1995
Viterbo,439.385,1996
Viterbo,419.306,1997
Viterbo,478.393,1998
Viterbo,411,1999
Viterbo,436,2000
Viterbo,464.083,2001
Viterbo,452.039,2002
Viterbo,438.686,2003
Viterbo,394.939,2004
Viterbo,468.909,2005
Viterbo,498,2006
Viterbo,468,2007
Viterbo,489,2008
Viterbo,532.1,2009
Viterbo,493.475,2010
Viterbo,455.068,2011
Viterbo,486.98,2012
Viterbo,510.758,2013
Viterbo,512.971,2014
Viterbo,487.318,2015
Viterbo,436.983,2016
Viterbo,453,2017
Viterbo,442.122,2018
Viterbo,466.077,2019
Viterbo,507.503,2020
Viterbo,439.631,2021
Viterbo,497.514,2022
Viterbo,486.51,2023
